territory,group,sex,age_group,age_low,year,deaths,final_pred,final_ci_low,final_ci_high,excess,excess_low,excess_high,trend_pred,mean_pred,lc_pred,trend_ci_low,trend_ci_up,mean_ci_low,mean_ci_up,lc_ci_low,lc_ci_up
Armenia,War,Female,0 - 4,0,2015,187,,,,,,,,,,,,,,,
Armenia,War,Female,May-14,5,2015,34,,,,,,,,,,,,,,,
Armenia,War,Female,15 - 19,15,2015,13,,,,,,,,,,,,,,,
Armenia,War,Female,20 - 24,20,2015,32,,,,,,,,,,,,,,,
Armenia,War,Female,25 - 29,25,2015,34,,,,,,,,,,,,,,,
Armenia,War,Female,30 - 34,30,2015,53,,,,,,,,,,,,,,,
Armenia,War,Female,35 - 39,35,2015,89,,,,,,,,,,,,,,,
Armenia,War,Female,40 - 44,40,2015,127,,,,,,,,,,,,,,,
Armenia,War,Female,45 - 49,45,2015,222,,,,,,,,,,,,,,,
Armenia,War,Female,50 - 54,50,2015,391,,,,,,,,,,,,,,,
Armenia,War,Female,55 - 59,55,2015,615,,,,,,,,,,,,,,,
Armenia,War,Female,60 - 64,60,2015,764,,,,,,,,,,,,,,,
Armenia,War,Female,65 - 69,65,2015,952,,,,,,,,,,,,,,,
Armenia,War,Female,70 - 74,70,2015,969,,,,,,,,,,,,,,,
Armenia,War,Female,75 - 79,75,2015,2679,,,,,,,,,,,,,,,
Armenia,War,Female,80+,80,2015,6415,,,,,,,,,,,,,,,
Armenia,War,Male,0 - 4,0,2015,248,,,,,,,,,,,,,,,
Armenia,War,Male,May-14,5,2015,56,,,,,,,,,,,,,,,
Armenia,War,Male,15 - 19,15,2015,64,,,,,,,,,,,,,,,
Armenia,War,Male,20 - 24,20,2015,124,,,,,,,,,,,,,,,
Armenia,War,Male,25 - 29,25,2015,131,,,,,,,,,,,,,,,
Armenia,War,Male,30 - 34,30,2015,152,,,,,,,,,,,,,,,
Armenia,War,Male,35 - 39,35,2015,166,,,,,,,,,,,,,,,
Armenia,War,Male,40 - 44,40,2015,286,,,,,,,,,,,,,,,
Armenia,War,Male,45 - 49,45,2015,451,,,,,,,,,,,,,,,
Armenia,War,Male,50 - 54,50,2015,884,,,,,,,,,,,,,,,
Armenia,War,Male,55 - 59,55,2015,1336,,,,,,,,,,,,,,,
Armenia,War,Male,60 - 64,60,2015,1459,,,,,,,,,,,,,,,
Armenia,War,Male,65 - 69,65,2015,1385,,,,,,,,,,,,,,,
Armenia,War,Male,70 - 74,70,2015,1190,,,,,,,,,,,,,,,
Armenia,War,Male,75 - 79,75,2015,2560,,,,,,,,,,,,,,,
Armenia,War,Male,80+,80,2015,3810,,,,,,,,,,,,,,,
Armenia,War,Female,0 - 4,0,2016,162,,,,,,,,,,,,,,,
Armenia,War,Female,May-14,5,2016,32,,,,,,,,,,,,,,,
Armenia,War,Female,15 - 19,15,2016,13,,,,,,,,,,,,,,,
Armenia,War,Female,20 - 24,20,2016,35,,,,,,,,,,,,,,,
Armenia,War,Female,25 - 29,25,2016,43,,,,,,,,,,,,,,,
Armenia,War,Female,30 - 34,30,2016,59,,,,,,,,,,,,,,,
Armenia,War,Female,35 - 39,35,2016,78,,,,,,,,,,,,,,,
Armenia,War,Female,40 - 44,40,2016,115,,,,,,,,,,,,,,,
Armenia,War,Female,45 - 49,45,2016,184,,,,,,,,,,,,,,,
Armenia,War,Female,50 - 54,50,2016,340,,,,,,,,,,,,,,,
Armenia,War,Female,55 - 59,55,2016,624,,,,,,,,,,,,,,,
Armenia,War,Female,60 - 64,60,2016,820,,,,,,,,,,,,,,,
Armenia,War,Female,65 - 69,65,2016,965,,,,,,,,,,,,,,,
Armenia,War,Female,70 - 74,70,2016,901,,,,,,,,,,,,,,,
Armenia,War,Female,75 - 79,75,2016,2627,,,,,,,,,,,,,,,
Armenia,War,Female,80+,80,2016,6692,,,,,,,,,,,,,,,
Armenia,War,Male,0 - 4,0,2016,246,,,,,,,,,,,,,,,
Armenia,War,Male,May-14,5,2016,50,,,,,,,,,,,,,,,
Armenia,War,Male,15 - 19,15,2016,114,,,,,,,,,,,,,,,
Armenia,War,Male,20 - 24,20,2016,120,,,,,,,,,,,,,,,
Armenia,War,Male,25 - 29,25,2016,116,,,,,,,,,,,,,,,
Armenia,War,Male,30 - 34,30,2016,137,,,,,,,,,,,,,,,
Armenia,War,Male,35 - 39,35,2016,162,,,,,,,,,,,,,,,
Armenia,War,Male,40 - 44,40,2016,271,,,,,,,,,,,,,,,
Armenia,War,Male,45 - 49,45,2016,396,,,,,,,,,,,,,,,
Armenia,War,Male,50 - 54,50,2016,855,,,,,,,,,,,,,,,
Armenia,War,Male,55 - 59,55,2016,1362,,,,,,,,,,,,,,,
Armenia,War,Male,60 - 64,60,2016,1600,,,,,,,,,,,,,,,
Armenia,War,Male,65 - 69,65,2016,1536,,,,,,,,,,,,,,,
Armenia,War,Male,70 - 74,70,2016,1029,,,,,,,,,,,,,,,
Armenia,War,Male,75 - 79,75,2016,2432,,,,,,,,,,,,,,,
Armenia,War,Male,80+,80,2016,4110,,,,,,,,,,,,,,,
Armenia,War,Female,0 - 4,0,2017,153,,,,,,,,,,,,,,,
Armenia,War,Female,May-14,5,2017,32,,,,,,,,,,,,,,,
Armenia,War,Female,15 - 19,15,2017,20,,,,,,,,,,,,,,,
Armenia,War,Female,20 - 24,20,2017,31,,,,,,,,,,,,,,,
Armenia,War,Female,25 - 29,25,2017,38,,,,,,,,,,,,,,,
Armenia,War,Female,30 - 34,30,2017,57,,,,,,,,,,,,,,,
Armenia,War,Female,35 - 39,35,2017,57,,,,,,,,,,,,,,,
Armenia,War,Female,40 - 44,40,2017,85,,,,,,,,,,,,,,,
Armenia,War,Female,45 - 49,45,2017,145,,,,,,,,,,,,,,,
Armenia,War,Female,50 - 54,50,2017,300,,,,,,,,,,,,,,,
Armenia,War,Female,55 - 59,55,2017,582,,,,,,,,,,,,,,,
Armenia,War,Female,60 - 64,60,2017,827,,,,,,,,,,,,,,,
Armenia,War,Female,65 - 69,65,2017,1007,,,,,,,,,,,,,,,
Armenia,War,Female,70 - 74,70,2017,857,,,,,,,,,,,,,,,
Armenia,War,Female,75 - 79,75,2017,2362,,,,,,,,,,,,,,,
Armenia,War,Female,80+,80,2017,6763,,,,,,,,,,,,,,,
Armenia,War,Male,0 - 4,0,2017,209,,,,,,,,,,,,,,,
Armenia,War,Male,May-14,5,2017,37,,,,,,,,,,,,,,,
Armenia,War,Male,15 - 19,15,2017,60,,,,,,,,,,,,,,,
Armenia,War,Male,20 - 24,20,2017,81,,,,,,,,,,,,,,,
Armenia,War,Male,25 - 29,25,2017,108,,,,,,,,,,,,,,,
Armenia,War,Male,30 - 34,30,2017,122,,,,,,,,,,,,,,,
Armenia,War,Male,35 - 39,35,2017,160,,,,,,,,,,,,,,,
Armenia,War,Male,40 - 44,40,2017,230,,,,,,,,,,,,,,,
Armenia,War,Male,45 - 49,45,2017,354,,,,,,,,,,,,,,,
Armenia,War,Male,50 - 54,50,2017,761,,,,,,,,,,,,,,,
Armenia,War,Male,55 - 59,55,2017,1277,,,,,,,,,,,,,,,
Armenia,War,Male,60 - 64,60,2017,1512,,,,,,,,,,,,,,,
Armenia,War,Male,65 - 69,65,2017,1582,,,,,,,,,,,,,,,
Armenia,War,Male,70 - 74,70,2017,1081,,,,,,,,,,,,,,,
Armenia,War,Male,75 - 79,75,2017,2171,,,,,,,,,,,,,,,
Armenia,War,Male,80+,80,2017,4096,,,,,,,,,,,,,,,
Armenia,War,Female,0 - 4,0,2018,141,,,,,,,,,,,,,,,
Armenia,War,Female,May-14,5,2018,27,,,,,,,,,,,,,,,
Armenia,War,Female,15 - 19,15,2018,16,,,,,,,,,,,,,,,
Armenia,War,Female,20 - 24,20,2018,23,,,,,,,,,,,,,,,
Armenia,War,Female,25 - 29,25,2018,41,,,,,,,,,,,,,,,
Armenia,War,Female,30 - 34,30,2018,50,,,,,,,,,,,,,,,
Armenia,War,Female,35 - 39,35,2018,85,,,,,,,,,,,,,,,
Armenia,War,Female,40 - 44,40,2018,100,,,,,,,,,,,,,,,
Armenia,War,Female,45 - 49,45,2018,176,,,,,,,,,,,,,,,
Armenia,War,Female,50 - 54,50,2018,275,,,,,,,,,,,,,,,
Armenia,War,Female,55 - 59,55,2018,600,,,,,,,,,,,,,,,
Armenia,War,Female,60 - 64,60,2018,796,,,,,,,,,,,,,,,
Armenia,War,Female,65 - 69,65,2018,1052,,,,,,,,,,,,,,,
Armenia,War,Female,70 - 74,70,2018,890,,,,,,,,,,,,,,,
Armenia,War,Female,75 - 79,75,2018,2006,,,,,,,,,,,,,,,
Armenia,War,Female,80+,80,2018,6452,,,,,,,,,,,,,,,
Armenia,War,Male,0 - 4,0,2018,176,,,,,,,,,,,,,,,
Armenia,War,Male,May-14,5,2018,41,,,,,,,,,,,,,,,
Armenia,War,Male,15 - 19,15,2018,53,,,,,,,,,,,,,,,
Armenia,War,Male,20 - 24,20,2018,76,,,,,,,,,,,,,,,
Armenia,War,Male,25 - 29,25,2018,122,,,,,,,,,,,,,,,
Armenia,War,Male,30 - 34,30,2018,142,,,,,,,,,,,,,,,
Armenia,War,Male,35 - 39,35,2018,172,,,,,,,,,,,,,,,
Armenia,War,Male,40 - 44,40,2018,244,,,,,,,,,,,,,,,
Armenia,War,Male,45 - 49,45,2018,361,,,,,,,,,,,,,,,
Armenia,War,Male,50 - 54,50,2018,692,,,,,,,,,,,,,,,
Armenia,War,Male,55 - 59,55,2018,1211,,,,,,,,,,,,,,,
Armenia,War,Male,60 - 64,60,2018,1472,,,,,,,,,,,,,,,
Armenia,War,Male,65 - 69,65,2018,1504,,,,,,,,,,,,,,,
Armenia,War,Male,70 - 74,70,2018,1174,,,,,,,,,,,,,,,
Armenia,War,Male,75 - 79,75,2018,1743,,,,,,,,,,,,,,,
Armenia,War,Male,80+,80,2018,3838,,,,,,,,,,,,,,,
Armenia,War,Female,0 - 4,0,2019,118,,,,,,,,,,,,,,,
Armenia,War,Female,May-14,5,2019,33,,,,,,,,,,,,,,,
Armenia,War,Female,15 - 19,15,2019,16,,,,,,,,,,,,,,,
Armenia,War,Female,20 - 24,20,2019,27,,,,,,,,,,,,,,,
Armenia,War,Female,25 - 29,25,2019,32,,,,,,,,,,,,,,,
Armenia,War,Female,30 - 34,30,2019,53,,,,,,,,,,,,,,,
Armenia,War,Female,35 - 39,35,2019,62,,,,,,,,,,,,,,,
Armenia,War,Female,40 - 44,40,2019,77,,,,,,,,,,,,,,,
Armenia,War,Female,45 - 49,45,2019,144,,,,,,,,,,,,,,,
Armenia,War,Female,50 - 54,50,2019,263,,,,,,,,,,,,,,,
Armenia,War,Female,55 - 59,55,2019,541,,,,,,,,,,,,,,,
Armenia,War,Female,60 - 64,60,2019,826,,,,,,,,,,,,,,,
Armenia,War,Female,65 - 69,65,2019,1027,,,,,,,,,,,,,,,
Armenia,War,Female,70 - 74,70,2019,1102,,,,,,,,,,,,,,,
Armenia,War,Female,75 - 79,75,2019,1639,,,,,,,,,,,,,,,
Armenia,War,Female,80+,80,2019,6842,,,,,,,,,,,,,,,
Armenia,War,Male,0 - 4,0,2019,153,,,,,,,,,,,,,,,
Armenia,War,Male,May-14,5,2019,47,,,,,,,,,,,,,,,
Armenia,War,Male,15 - 19,15,2019,47,,,,,,,,,,,,,,,
Armenia,War,Male,20 - 24,20,2019,75,,,,,,,,,,,,,,,
Armenia,War,Male,25 - 29,25,2019,86,,,,,,,,,,,,,,,
Armenia,War,Male,30 - 34,30,2019,132,,,,,,,,,,,,,,,
Armenia,War,Male,35 - 39,35,2019,149,,,,,,,,,,,,,,,
Armenia,War,Male,40 - 44,40,2019,246,,,,,,,,,,,,,,,
Armenia,War,Male,45 - 49,45,2019,420,,,,,,,,,,,,,,,
Armenia,War,Male,50 - 54,50,2019,648,,,,,,,,,,,,,,,
Armenia,War,Male,55 - 59,55,2019,1213,,,,,,,,,,,,,,,
Armenia,War,Male,60 - 64,60,2019,1602,,,,,,,,,,,,,,,
Armenia,War,Male,65 - 69,65,2019,1671,,,,,,,,,,,,,,,
Armenia,War,Male,70 - 74,70,2019,1367,,,,,,,,,,,,,,,
Armenia,War,Male,75 - 79,75,2019,1433,,,,,,,,,,,,,,,
Armenia,War,Male,80+,80,2019,4095,,,,,,,,,,,,,,,
Armenia,War,Female,0 - 4,0,2020,123,152.2,87,187.4100812,-29.2,-64.41008124,36,109.8709825,152.2,123.7532468,96.97897007,124.4768097,123.6050902,187.4100812,87,163
Armenia,War,Female,May-14,5,2020,24,31.6,21,42,-7.6,-18,3,29.55332992,31.6,30.79208876,21.73245071,40.18871692,28.41715,35.13934367,21,42
Armenia,War,Female,15 - 19,15,2020,14,18.49059883,10.060494,33.98463787,-4.490598835,-19.98463787,3.939506003,18.49059883,15.6,18.17664195,10.060494,33.98463787,12.4033087,19.62057108,11,28
Armenia,War,Female,20 - 24,20,2020,23,29.6,15.31742461,38,-6.6,-15,7.682575393,23.54048087,29.6,26.16703736,15.31742461,36.17802952,24.33502505,36.00407224,17,38
Armenia,War,Female,25 - 29,25,2020,31,37.6,22.45600251,57.17893366,-6.6,-26.17893366,8.543997492,35.83308915,37.6,35.6845678,22.45600251,57.17893366,32.28480394,43.79026128,23,50
Armenia,War,Female,30 - 34,30,2020,52,54.4,37,74,-2.4,-22,15,51.75143476,54.4,53.42706201,40.94518733,65.40966531,50.13422977,59.02873174,37,74
Armenia,War,Female,35 - 39,35,2020,79,74.2,31.88537183,117.0520736,4.8,-38.05207361,47.11462817,61.09213444,74.2,60.66600294,31.88537183,117.0520736,58.60850403,93.93926856,41,85
Armenia,War,Female,40 - 44,40,2020,132,100.8,45,129.9878066,31.2,2.012193402,87,70.51327435,100.8,77.00095471,47.40634722,104.883041,78.16610085,129.9878066,45,108
Armenia,War,Female,45 - 49,45,2020,185,174.2,84.6150988,219.1506285,10.8,-34.15062849,100.3849012,130.029829,174.2,139.390974,84.6150988,199.8196145,138.4693268,219.1506285,95,194
Armenia,War,Female,50 - 54,50,2020,324,313.8,186,385.8798819,10.2,-61.87988186,138,228.134341,313.8,257.4083839,201.499674,258.2896364,255.1841768,385.8798819,186,348
Armenia,War,Female,55 - 59,55,2020,693,592.4,478.9451917,634.6292625,100.6,58.37073748,214.0548083,542.5083492,592.4,555.3329316,478.9451917,614.5072839,552.9807412,634.6292625,499,631
Armenia,War,Female,60 - 64,60,2020,1194,837.0382745,754.2622941,928.8984461,356.9617255,265.1015539,439.7377059,837.0382745,806.6,830.4449582,754.2622941,928.8984461,773.8550034,840.7305724,768,889
Armenia,War,Female,65 - 69,65,2020,1540,1073.702811,945,1152.860453,466.2971887,387.139547,595,1073.702811,1000.6,1042.754144,999.9802873,1152.860453,949.9502475,1053.950312,945,1152
Armenia,War,Female,70 - 74,70,2020,1613,1022.764873,719.3943802,1454.067496,590.2351271,158.9325037,893.6056198,1022.764873,943.8,977.8904549,719.3943802,1454.067496,830.3237613,1072.784475,901,1068
Armenia,War,Female,75 - 79,75,2020,1627,2262.6,1228.605213,2878.908512,-635.6,-1251.908512,398.3947868,1555.455922,2262.6,1779.818079,1228.605213,1969.260019,1778.229054,2878.908512,1291,2430
Armenia,War,Female,80+,99,2020,8485,6819.004196,6205.449876,7493.222757,1665.995804,991.7772433,2279.550124,6819.004196,6632.8,6792.884933,6205.449876,7493.222757,6401.072027,6872.916858,6548,7066
Armenia,War,Male,0 - 4,0,2020,176,206.4,105,265.8496712,-30.4,-89.84967121,71,138.8295857,206.4,159.0413682,112.529907,171.2758358,160.2445465,265.8496712,105,219
Armenia,War,Male,May-14,5,2020,45,46.2,22.90449283,65.14469726,-1.2,-20.14469726,22.09550717,38.62779118,46.2,41.14765926,22.90449283,65.14469726,37.80339206,56.46159997,27,56
Armenia,War,Male,15 - 19,15,2020,1038,67.6,11.72102679,160.0209062,970.4,877.9790938,1026.278973,43.30830554,67.6,44.83790442,11.72102679,160.0209062,41.36185915,110.4824612,24,73
Armenia,War,Male,20 - 24,20,2020,640,95.2,39.22392206,131.2328481,544.8,508.7671519,600.7760779,59.2367391,95.2,69.76890938,39.22392206,89.46048929,69.06075825,131.2328481,43,104
Armenia,War,Male,25 - 29,25,2020,477,112.6,59.56221715,135.939542,364.4,341.060458,417.4377828,89.47089501,112.6,97.85765213,59.56221715,134.3979697,93.26763803,135.939542,75,124
Armenia,War,Male,30 - 34,30,2020,400,137,96.28780091,166.9987416,263,233.0012584,303.7121991,126.8067095,137,131.4362391,96.28780091,166.9987416,123.7979514,151.6099401,112,159
Armenia,War,Male,35 - 39,35,2020,412,161.8,128.6417752,186.0923484,250.2,225.9076516,283.3582248,154.72314,161.8,157.6164321,128.6417752,186.0923484,151.5861351,172.7020745,134,178
Armenia,War,Male,40 - 44,40,2020,455,255.4,179.1204853,285.0624876,199.6,169.9375124,275.8795147,224.8183695,255.4,235.6900661,179.1204853,282.1748678,228.8240749,285.0624876,201,276
Armenia,War,Male,45 - 49,45,2020,534,396.4,254.3018416,532.8650138,137.6,1.134986169,279.6981584,368.1148657,396.4,381.2147548,254.3018416,532.8650138,349.0765512,450.1389724,343,421
Armenia,War,Male,50 - 54,50,2020,712,768,529,905.0330583,-56,-193.0330583,183,594.7478774,768,654.260464,547.5447005,646.020384,651.7154203,905.0330583,529,807
Armenia,War,Male,55 - 59,55,2020,1369,1279.8,1066.112378,1368.587336,89.2,0.412664171,302.8876223,1164.906349,1279.8,1200.922824,1066.112378,1272.85531,1196.772758,1368.587336,1073,1318
Armenia,War,Male,60 - 64,60,2020,2050,1576.976216,1343.600661,1850.887735,473.0237843,199.1122652,706.3993385,1576.976216,1529,1533.26961,1343.600661,1850.887735,1446.184872,1616.557499,1459,1607
Armenia,War,Male,65 - 69,65,2020,2306,1704.439618,1410.517927,1983.598766,601.5603818,322.4012341,895.482073,1704.439618,1535.6,1615.730872,1464.567564,1983.598766,1410.517927,1671.774116,1490,1767
Armenia,War,Male,70 - 74,70,2020,2202,1325.625807,954.86241,1840.352873,876.3741931,361.6471266,1247.13759,1325.625807,1168.2,1276.361422,954.86241,1840.352873,1018.05337,1340.490863,1121,1474
Armenia,War,Male,75 - 79,75,2020,1627,2067.8,1038.27924,2746.611348,-440.8,-1119.611348,588.7207605,1316.767713,2067.8,1544.128438,1038.27924,1669.95269,1556.753504,2746.611348,1039,2102
Armenia,War,Male,80+,99,2020,5588,4079.983709,3550.577076,4688.327196,1508.016291,899.6728036,2037.422924,4079.983709,3989.8,4003.353989,3550.577076,4688.327196,3805.706233,4182.798951,3877,4120
Artsakh,War,Female,0 - 4,0,2015,19,,,,,,,,,,,,,,,
Artsakh,War,Female,May-14,5,2015,2,,,,,,,,,,,,,,,
Artsakh,War,Female,15 - 19,15,2015,3,,,,,,,,,,,,,,,
Artsakh,War,Female,20 - 24,20,2015,0,,,,,,,,,,,,,,,
Artsakh,War,Female,25 - 29,25,2015,1,,,,,,,,,,,,,,,
Artsakh,War,Female,30 - 34,30,2015,2,,,,,,,,,,,,,,,
Artsakh,War,Female,35 - 39,35,2015,6,,,,,,,,,,,,,,,
Artsakh,War,Female,40 - 44,40,2015,5,,,,,,,,,,,,,,,
Artsakh,War,Female,45 - 49,45,2015,8,,,,,,,,,,,,,,,
Artsakh,War,Female,50 - 54,50,2015,12,,,,,,,,,,,,,,,
Artsakh,War,Female,55 - 59,55,2015,25,,,,,,,,,,,,,,,
Artsakh,War,Female,60 - 64,60,2015,33,,,,,,,,,,,,,,,
Artsakh,War,Female,65 - 69,65,2015,31,,,,,,,,,,,,,,,
Artsakh,War,Female,70 - 74,70,2015,29,,,,,,,,,,,,,,,
Artsakh,War,Female,75 - 79,75,2015,88,,,,,,,,,,,,,,,
Artsakh,War,Female,80+,80,2015,372,,,,,,,,,,,,,,,
Artsakh,War,Male,0 - 4,0,2015,18,,,,,,,,,,,,,,,
Artsakh,War,Male,May-14,5,2015,1,,,,,,,,,,,,,,,
Artsakh,War,Male,15 - 19,15,2015,8,,,,,,,,,,,,,,,
Artsakh,War,Male,20 - 24,20,2015,5,,,,,,,,,,,,,,,
Artsakh,War,Male,25 - 29,25,2015,4,,,,,,,,,,,,,,,
Artsakh,War,Male,30 - 34,30,2015,8,,,,,,,,,,,,,,,
Artsakh,War,Male,35 - 39,35,2015,11,,,,,,,,,,,,,,,
Artsakh,War,Male,40 - 44,40,2015,14,,,,,,,,,,,,,,,
Artsakh,War,Male,45 - 49,45,2015,16,,,,,,,,,,,,,,,
Artsakh,War,Male,50 - 54,50,2015,31,,,,,,,,,,,,,,,
Artsakh,War,Male,55 - 59,55,2015,46,,,,,,,,,,,,,,,
Artsakh,War,Male,60 - 64,60,2015,47,,,,,,,,,,,,,,,
Artsakh,War,Male,65 - 69,65,2015,53,,,,,,,,,,,,,,,
Artsakh,War,Male,70 - 74,70,2015,49,,,,,,,,,,,,,,,
Artsakh,War,Male,75 - 79,75,2015,90,,,,,,,,,,,,,,,
Artsakh,War,Male,80+,80,2015,253,,,,,,,,,,,,,,,
Artsakh,War,Female,0 - 4,0,2016,16,,,,,,,,,,,,,,,
Artsakh,War,Female,May-14,5,2016,2,,,,,,,,,,,,,,,
Artsakh,War,Female,15 - 19,15,2016,0,,,,,,,,,,,,,,,
Artsakh,War,Female,20 - 24,20,2016,0,,,,,,,,,,,,,,,
Artsakh,War,Female,25 - 29,25,2016,2,,,,,,,,,,,,,,,
Artsakh,War,Female,30 - 34,30,2016,2,,,,,,,,,,,,,,,
Artsakh,War,Female,35 - 39,35,2016,2,,,,,,,,,,,,,,,
Artsakh,War,Female,40 - 44,40,2016,3,,,,,,,,,,,,,,,
Artsakh,War,Female,45 - 49,45,2016,10,,,,,,,,,,,,,,,
Artsakh,War,Female,50 - 54,50,2016,16,,,,,,,,,,,,,,,
Artsakh,War,Female,55 - 59,55,2016,18,,,,,,,,,,,,,,,
Artsakh,War,Female,60 - 64,60,2016,25,,,,,,,,,,,,,,,
Artsakh,War,Female,65 - 69,65,2016,33,,,,,,,,,,,,,,,
Artsakh,War,Female,70 - 74,70,2016,27,,,,,,,,,,,,,,,
Artsakh,War,Female,75 - 79,75,2016,92,,,,,,,,,,,,,,,
Artsakh,War,Female,80+,80,2016,352,,,,,,,,,,,,,,,
Artsakh,War,Male,0 - 4,0,2016,16,,,,,,,,,,,,,,,
Artsakh,War,Male,May-14,5,2016,3,,,,,,,,,,,,,,,
Artsakh,War,Male,15 - 19,15,2016,2,,,,,,,,,,,,,,,
Artsakh,War,Male,20 - 24,20,2016,11,,,,,,,,,,,,,,,
Artsakh,War,Male,25 - 29,25,2016,7,,,,,,,,,,,,,,,
Artsakh,War,Male,30 - 34,30,2016,11,,,,,,,,,,,,,,,
Artsakh,War,Male,35 - 39,35,2016,21,,,,,,,,,,,,,,,
Artsakh,War,Male,40 - 44,40,2016,21,,,,,,,,,,,,,,,
Artsakh,War,Male,45 - 49,45,2016,12,,,,,,,,,,,,,,,
Artsakh,War,Male,50 - 54,50,2016,29,,,,,,,,,,,,,,,
Artsakh,War,Male,55 - 59,55,2016,36,,,,,,,,,,,,,,,
Artsakh,War,Male,60 - 64,60,2016,61,,,,,,,,,,,,,,,
Artsakh,War,Male,65 - 69,65,2016,59,,,,,,,,,,,,,,,
Artsakh,War,Male,70 - 74,70,2016,25,,,,,,,,,,,,,,,
Artsakh,War,Male,75 - 79,75,2016,94,,,,,,,,,,,,,,,
Artsakh,War,Male,80+,80,2016,214,,,,,,,,,,,,,,,
Artsakh,War,Female,0 - 4,0,2017,11,,,,,,,,,,,,,,,
Artsakh,War,Female,May-14,5,2017,1,,,,,,,,,,,,,,,
Artsakh,War,Female,15 - 19,15,2017,3,,,,,,,,,,,,,,,
Artsakh,War,Female,20 - 24,20,2017,1,,,,,,,,,,,,,,,
Artsakh,War,Female,25 - 29,25,2017,5,,,,,,,,,,,,,,,
Artsakh,War,Female,30 - 34,30,2017,4,,,,,,,,,,,,,,,
Artsakh,War,Female,35 - 39,35,2017,2,,,,,,,,,,,,,,,
Artsakh,War,Female,40 - 44,40,2017,8,,,,,,,,,,,,,,,
Artsakh,War,Female,45 - 49,45,2017,7,,,,,,,,,,,,,,,
Artsakh,War,Female,50 - 54,50,2017,14,,,,,,,,,,,,,,,
Artsakh,War,Female,55 - 59,55,2017,19,,,,,,,,,,,,,,,
Artsakh,War,Female,60 - 64,60,2017,30,,,,,,,,,,,,,,,
Artsakh,War,Female,65 - 69,65,2017,26,,,,,,,,,,,,,,,
Artsakh,War,Female,70 - 74,70,2017,28,,,,,,,,,,,,,,,
Artsakh,War,Female,75 - 79,75,2017,81,,,,,,,,,,,,,,,
Artsakh,War,Female,80+,80,2017,381,,,,,,,,,,,,,,,
Artsakh,War,Male,0 - 4,0,2017,9,,,,,,,,,,,,,,,
Artsakh,War,Male,May-14,5,2017,2,,,,,,,,,,,,,,,
Artsakh,War,Male,15 - 19,15,2017,4,,,,,,,,,,,,,,,
Artsakh,War,Male,20 - 24,20,2017,5,,,,,,,,,,,,,,,
Artsakh,War,Male,25 - 29,25,2017,7,,,,,,,,,,,,,,,
Artsakh,War,Male,30 - 34,30,2017,6,,,,,,,,,,,,,,,
Artsakh,War,Male,35 - 39,35,2017,11,,,,,,,,,,,,,,,
Artsakh,War,Male,40 - 44,40,2017,7,,,,,,,,,,,,,,,
Artsakh,War,Male,45 - 49,45,2017,22,,,,,,,,,,,,,,,
Artsakh,War,Male,50 - 54,50,2017,23,,,,,,,,,,,,,,,
Artsakh,War,Male,55 - 59,55,2017,47,,,,,,,,,,,,,,,
Artsakh,War,Male,60 - 64,60,2017,56,,,,,,,,,,,,,,,
Artsakh,War,Male,65 - 69,65,2017,49,,,,,,,,,,,,,,,
Artsakh,War,Male,70 - 74,70,2017,53,,,,,,,,,,,,,,,
Artsakh,War,Male,75 - 79,75,2017,74,,,,,,,,,,,,,,,
Artsakh,War,Male,80+,80,2017,242,,,,,,,,,,,,,,,
Artsakh,War,Female,0 - 4,0,2018,8,,,,,,,,,,,,,,,
Artsakh,War,Female,May-14,5,2018,0,,,,,,,,,,,,,,,
Artsakh,War,Female,15 - 19,15,2018,1,,,,,,,,,,,,,,,
Artsakh,War,Female,20 - 24,20,2018,0,,,,,,,,,,,,,,,
Artsakh,War,Female,25 - 29,25,2018,1,,,,,,,,,,,,,,,
Artsakh,War,Female,30 - 34,30,2018,0,,,,,,,,,,,,,,,
Artsakh,War,Female,35 - 39,35,2018,5,,,,,,,,,,,,,,,
Artsakh,War,Female,40 - 44,40,2018,6,,,,,,,,,,,,,,,
Artsakh,War,Female,45 - 49,45,2018,4,,,,,,,,,,,,,,,
Artsakh,War,Female,50 - 54,50,2018,12,,,,,,,,,,,,,,,
Artsakh,War,Female,55 - 59,55,2018,21,,,,,,,,,,,,,,,
Artsakh,War,Female,60 - 64,60,2018,21,,,,,,,,,,,,,,,
Artsakh,War,Female,65 - 69,65,2018,36,,,,,,,,,,,,,,,
Artsakh,War,Female,70 - 74,70,2018,28,,,,,,,,,,,,,,,
Artsakh,War,Female,75 - 79,75,2018,45,,,,,,,,,,,,,,,
Artsakh,War,Female,80+,80,2018,364,,,,,,,,,,,,,,,
Artsakh,War,Male,0 - 4,0,2018,9,,,,,,,,,,,,,,,
Artsakh,War,Male,May-14,5,2018,6,,,,,,,,,,,,,,,
Artsakh,War,Male,15 - 19,15,2018,4,,,,,,,,,,,,,,,
Artsakh,War,Male,20 - 24,20,2018,3,,,,,,,,,,,,,,,
Artsakh,War,Male,25 - 29,25,2018,7,,,,,,,,,,,,,,,
Artsakh,War,Male,30 - 34,30,2018,4,,,,,,,,,,,,,,,
Artsakh,War,Male,35 - 39,35,2018,7,,,,,,,,,,,,,,,
Artsakh,War,Male,40 - 44,40,2018,11,,,,,,,,,,,,,,,
Artsakh,War,Male,45 - 49,45,2018,19,,,,,,,,,,,,,,,
Artsakh,War,Male,50 - 54,50,2018,27,,,,,,,,,,,,,,,
Artsakh,War,Male,55 - 59,55,2018,46,,,,,,,,,,,,,,,
Artsakh,War,Male,60 - 64,60,2018,44,,,,,,,,,,,,,,,
Artsakh,War,Male,65 - 69,65,2018,59,,,,,,,,,,,,,,,
Artsakh,War,Male,70 - 74,70,2018,62,,,,,,,,,,,,,,,
Artsakh,War,Male,75 - 79,75,2018,75,,,,,,,,,,,,,,,
Artsakh,War,Male,80+,80,2018,250,,,,,,,,,,,,,,,
Artsakh,War,Female,0 - 4,0,2019,16,,,,,,,,,,,,,,,
Artsakh,War,Female,May-14,5,2019,2,,,,,,,,,,,,,,,
Artsakh,War,Female,15 - 19,15,2019,2,,,,,,,,,,,,,,,
Artsakh,War,Female,20 - 24,20,2019,0,,,,,,,,,,,,,,,
Artsakh,War,Female,25 - 29,25,2019,2,,,,,,,,,,,,,,,
Artsakh,War,Female,30 - 34,30,2019,3,,,,,,,,,,,,,,,
Artsakh,War,Female,35 - 39,35,2019,1,,,,,,,,,,,,,,,
Artsakh,War,Female,40 - 44,40,2019,2,,,,,,,,,,,,,,,
Artsakh,War,Female,45 - 49,45,2019,6,,,,,,,,,,,,,,,
Artsakh,War,Female,50 - 54,50,2019,7,,,,,,,,,,,,,,,
Artsakh,War,Female,55 - 59,55,2019,32,,,,,,,,,,,,,,,
Artsakh,War,Female,60 - 64,60,2019,32,,,,,,,,,,,,,,,
Artsakh,War,Female,65 - 69,65,2019,36,,,,,,,,,,,,,,,
Artsakh,War,Female,70 - 74,70,2019,36,,,,,,,,,,,,,,,
Artsakh,War,Female,75 - 79,75,2019,50,,,,,,,,,,,,,,,
Artsakh,War,Female,80+,80,2019,327,,,,,,,,,,,,,,,
Artsakh,War,Male,0 - 4,0,2019,12,,,,,,,,,,,,,,,
Artsakh,War,Male,May-14,5,2019,4,,,,,,,,,,,,,,,
Artsakh,War,Male,15 - 19,15,2019,5,,,,,,,,,,,,,,,
Artsakh,War,Male,20 - 24,20,2019,4,,,,,,,,,,,,,,,
Artsakh,War,Male,25 - 29,25,2019,6,,,,,,,,,,,,,,,
Artsakh,War,Male,30 - 34,30,2019,6,,,,,,,,,,,,,,,
Artsakh,War,Male,35 - 39,35,2019,8,,,,,,,,,,,,,,,
Artsakh,War,Male,40 - 44,40,2019,11,,,,,,,,,,,,,,,
Artsakh,War,Male,45 - 49,45,2019,14,,,,,,,,,,,,,,,
Artsakh,War,Male,50 - 54,50,2019,25,,,,,,,,,,,,,,,
Artsakh,War,Male,55 - 59,55,2019,43,,,,,,,,,,,,,,,
Artsakh,War,Male,60 - 64,60,2019,61,,,,,,,,,,,,,,,
Artsakh,War,Male,65 - 69,65,2019,58,,,,,,,,,,,,,,,
Artsakh,War,Male,70 - 74,70,2019,56,,,,,,,,,,,,,,,
Artsakh,War,Male,75 - 79,75,2019,44,,,,,,,,,,,,,,,
Artsakh,War,Male,80+,80,2019,244,,,,,,,,,,,,,,,
Artsakh,War,Female,0 - 4,0,2020,5,15.82375288,6,33,-10.82375288,-28,-1,,14,15.82375288,,,9.463209848,20.71178841,6,33
Artsakh,War,Female,May-14,5,2020,3,1.964228274,0,9,1.035771726,-6,3,,1.4,1.964228274,,,0.633308386,3.094858749,0,9
Artsakh,War,Female,15 - 19,15,2020,1,1.8,0,5,-0.8,-4,1,,1.8,1.791097413,,,0.73225982,4.424658994,0,5
Artsakh,War,Female,20 - 24,20,2020,4,0.253738999,0,3.212364251,3.746261001,0.787635749,4,,0.2,0.253738999,,,0.012451888,3.212364251,0,3
Artsakh,War,Female,25 - 29,25,2020,2,2.615982682,0,10,-0.615982682,-8,2,,2.2,2.615982682,,,0.870285011,5.561396485,0,10
Artsakh,War,Female,30 - 34,30,2020,4,3.396325997,0,24,0.603674003,-20,4,,2.2,3.396325997,,,0.952493176,5.081401235,0,24
Artsakh,War,Female,35 - 39,35,2020,2,3.2,0,13,-1.2,-11,2,,3.2,1.896688119,,,1.37980681,7.421328788,0,13
Artsakh,War,Female,40 - 44,40,2020,4,4.8,0,8.901376719,-0.8,-4.901376719,4,,4.8,3.845870953,,,2.588363658,8.901376719,0,8
Artsakh,War,Female,45 - 49,45,2020,6,7.928594688,2,19,-1.928594688,-13,4,,7,7.928594688,,,4.708056236,10.40769217,2,19
Artsakh,War,Female,50 - 54,50,2020,9,12.2,7,17.15076393,-3.2,-8.150763934,2,,12.2,11.3891811,,,8.678330631,17.15076393,7,17
Artsakh,War,Female,55 - 59,55,2020,27,23.35320136,14,36,3.646798637,-9,13,,23,23.35320136,,,16.90704052,31.2887403,14,36
Artsakh,War,Female,60 - 64,60,2020,37,31.07602943,15,55,5.92397057,-18,22,,28.2,31.07602943,,,22.55840943,35.25248544,15,55
Artsakh,War,Female,65 - 69,65,2020,33,32.4,20,39,0.6,-6,13,,32.4,30.73312074,,,27.62609214,37.99885973,20,39
Artsakh,War,Female,70 - 74,70,2020,44,30.38470748,21,42,13.61529252,2,23,,29.6,30.38470748,,,25.40111609,34.49297255,21,42
Artsakh,War,Female,75 - 79,75,2020,40,77.30904673,42,137,-37.30904673,-97,-2,,71.2,77.30904673,,,48.46122317,104.6081726,42,137
Artsakh,War,Female,80+,99,2020,331,359.2,311,389,-28.2,-58,20,,359.2,355.2517139,,,334.1398885,386.1395913,311,389
Artsakh,War,Male,0 - 4,0,2020,9,12.8,3,22,-3.8,-13,6,,12.8,10.83444836,,,8.610893553,19.02706136,3,22
Artsakh,War,Male,May-14,5,2020,4,3.248997485,0,8,0.751002515,-4,4,,3.200000003,3.248997485,,,1.517067872,6.749862817,0,8
Artsakh,War,Male,15 - 19,15,2020,30,4.848568689,1,11,25.15143131,19,29,,4.6,4.848568689,,,2.546388224,8.309809085,1,11
Artsakh,War,Male,20 - 24,20,2020,83,5.600000001,0,14,77.4,69,83,,5.600000001,3.926990871,,,2.797301833,11.21080308,0,14
Artsakh,War,Male,25 - 29,25,2020,46,6.2,1,12,39.8,34,45,,6.2,6.134802234,,,4.775178055,8.049961605,1,12
Artsakh,War,Male,30 - 34,30,2020,60,7,1,14,53,46,59,,7,5.463389105,,,4.378058102,11.19217673,1,14
Artsakh,War,Male,35 - 39,35,2020,54,11.6,1,23,42.4,31,53,,11.6,8.58911026,,,6.404220381,21.01114453,1,23
Artsakh,War,Male,40 - 44,40,2020,62,12.8,3,23,49.2,39,59,,12.8,10.13742302,,,7.717797213,21.22885527,3,23
Artsakh,War,Male,45 - 49,45,2020,45,17.77583461,10,32,27.22416539,13,35,,16.6,17.77583461,,,12.33058064,22.34769052,10,32
Artsakh,War,Male,50 - 54,50,2020,36,27,16,35,9,1,20,,27,25.96658067,,,23.3456681,31.22634987,16,35
Artsakh,War,Male,55 - 59,55,2020,40,45.6051378,31,68,-5.605137805,-28,9,,43.6,45.6051378,,,38.34965914,49.56914984,31,68
Artsakh,War,Male,60 - 64,60,2020,62,53.8,37,70,8.2,-8,25,,53.8,51.33879902,,,44.81416289,64.58761725,37,70
Artsakh,War,Male,65 - 69,65,2020,77,55.6,40,73,21.4,4,37,,55.6,55.10008639,,,50.34058902,61.40889608,40,73
Artsakh,War,Male,70 - 74,70,2020,71,56.71875619,23,147,14.28124381,-76,48,,49,56.71875619,,,34.16578195,70.27499045,23,147
Artsakh,War,Male,75 - 79,75,2020,44,75.4,40,104.2384636,-31.4,-60.23846359,4,,75.4,66.33466525,,,54.53994432,104.2384636,40,100
Artsakh,War,Male,80+,99,2020,254,247.5468741,202,289,6.453125892,-35,52,,240.6,247.5468741,,,222.0835078,260.6603281,202,289
Azerbaijan,War,Female,0 - 4,0,2015,979,,,,,,,,,,,,,,,
Azerbaijan,War,Female,May-14,5,2015,146,,,,,,,,,,,,,,,
Azerbaijan,War,Female,15 - 19,15,2015,118,,,,,,,,,,,,,,,
Azerbaijan,War,Female,20 - 24,20,2015,168,,,,,,,,,,,,,,,
Azerbaijan,War,Female,25 - 29,25,2015,220,,,,,,,,,,,,,,,
Azerbaijan,War,Female,30 - 34,30,2015,208,,,,,,,,,,,,,,,
Azerbaijan,War,Female,35 - 39,35,2015,259,,,,,,,,,,,,,,,
Azerbaijan,War,Female,40 - 44,40,2015,378,,,,,,,,,,,,,,,
Azerbaijan,War,Female,45 - 49,45,2015,660,,,,,,,,,,,,,,,
Azerbaijan,War,Female,50 - 54,50,2015,1176,,,,,,,,,,,,,,,
Azerbaijan,War,Female,55 - 59,55,2015,1694,,,,,,,,,,,,,,,
Azerbaijan,War,Female,60 - 64,60,2015,1899,,,,,,,,,,,,,,,
Azerbaijan,War,Female,65 - 69,65,2015,1871,,,,,,,,,,,,,,,
Azerbaijan,War,Female,70 - 74,70,2015,1993,,,,,,,,,,,,,,,
Azerbaijan,War,Female,75 - 79,75,2015,5061,,,,,,,,,,,,,,,
Azerbaijan,War,Female,80+,80,2015,8737,,,,,,,,,,,,,,,
Azerbaijan,War,Male,0 - 4,0,2015,1416,,,,,,,,,,,,,,,
Azerbaijan,War,Male,May-14,5,2015,224,,,,,,,,,,,,,,,
Azerbaijan,War,Male,15 - 19,15,2015,205,,,,,,,,,,,,,,,
Azerbaijan,War,Male,20 - 24,20,2015,389,,,,,,,,,,,,,,,
Azerbaijan,War,Male,25 - 29,25,2015,415,,,,,,,,,,,,,,,
Azerbaijan,War,Male,30 - 34,30,2015,504,,,,,,,,,,,,,,,
Azerbaijan,War,Male,35 - 39,35,2015,634,,,,,,,,,,,,,,,
Azerbaijan,War,Male,40 - 44,40,2015,805,,,,,,,,,,,,,,,
Azerbaijan,War,Male,45 - 49,45,2015,1470,,,,,,,,,,,,,,,
Azerbaijan,War,Male,50 - 54,50,2015,2442,,,,,,,,,,,,,,,
Azerbaijan,War,Male,55 - 59,55,2015,3184,,,,,,,,,,,,,,,
Azerbaijan,War,Male,60 - 64,60,2015,3062,,,,,,,,,,,,,,,
Azerbaijan,War,Male,65 - 69,65,2015,2565,,,,,,,,,,,,,,,
Azerbaijan,War,Male,70 - 74,70,2015,2187,,,,,,,,,,,,,,,
Azerbaijan,War,Male,75 - 79,75,2015,4240,,,,,,,,,,,,,,,
Azerbaijan,War,Male,80+,80,2015,5388,,,,,,,,,,,,,,,
Azerbaijan,War,Female,0 - 4,0,2016,833,,,,,,,,,,,,,,,
Azerbaijan,War,Female,May-14,5,2016,165,,,,,,,,,,,,,,,
Azerbaijan,War,Female,15 - 19,15,2016,113,,,,,,,,,,,,,,,
Azerbaijan,War,Female,20 - 24,20,2016,188,,,,,,,,,,,,,,,
Azerbaijan,War,Female,25 - 29,25,2016,186,,,,,,,,,,,,,,,
Azerbaijan,War,Female,30 - 34,30,2016,226,,,,,,,,,,,,,,,
Azerbaijan,War,Female,35 - 39,35,2016,229,,,,,,,,,,,,,,,
Azerbaijan,War,Female,40 - 44,40,2016,364,,,,,,,,,,,,,,,
Azerbaijan,War,Female,45 - 49,45,2016,656,,,,,,,,,,,,,,,
Azerbaijan,War,Female,50 - 54,50,2016,1152,,,,,,,,,,,,,,,
Azerbaijan,War,Female,55 - 59,55,2016,1763,,,,,,,,,,,,,,,
Azerbaijan,War,Female,60 - 64,60,2016,2020,,,,,,,,,,,,,,,
Azerbaijan,War,Female,65 - 69,65,2016,2165,,,,,,,,,,,,,,,
Azerbaijan,War,Female,70 - 74,70,2016,1864,,,,,,,,,,,,,,,
Azerbaijan,War,Female,75 - 79,75,2016,5020,,,,,,,,,,,,,,,
Azerbaijan,War,Female,80+,80,2016,9780,,,,,,,,,,,,,,,
Azerbaijan,War,Male,0 - 4,0,2016,1259,,,,,,,,,,,,,,,
Azerbaijan,War,Male,May-14,5,2016,238,,,,,,,,,,,,,,,
Azerbaijan,War,Male,15 - 19,15,2016,250,,,,,,,,,,,,,,,
Azerbaijan,War,Male,20 - 24,20,2016,393,,,,,,,,,,,,,,,
Azerbaijan,War,Male,25 - 29,25,2016,401,,,,,,,,,,,,,,,
Azerbaijan,War,Male,30 - 34,30,2016,419,,,,,,,,,,,,,,,
Azerbaijan,War,Male,35 - 39,35,2016,545,,,,,,,,,,,,,,,
Azerbaijan,War,Male,40 - 44,40,2016,814,,,,,,,,,,,,,,,
Azerbaijan,War,Male,45 - 49,45,2016,1299,,,,,,,,,,,,,,,
Azerbaijan,War,Male,50 - 54,50,2016,2312,,,,,,,,,,,,,,,
Azerbaijan,War,Male,55 - 59,55,2016,3247,,,,,,,,,,,,,,,
Azerbaijan,War,Male,60 - 64,60,2016,3337,,,,,,,,,,,,,,,
Azerbaijan,War,Male,65 - 69,65,2016,3099,,,,,,,,,,,,,,,
Azerbaijan,War,Male,70 - 74,70,2016,2010,,,,,,,,,,,,,,,
Azerbaijan,War,Male,75 - 79,75,2016,4160,,,,,,,,,,,,,,,
Azerbaijan,War,Male,80+,80,2016,6141,,,,,,,,,,,,,,,
Azerbaijan,War,Female,0 - 4,0,2017,853,,,,,,,,,,,,,,,
Azerbaijan,War,Female,May-14,5,2017,160,,,,,,,,,,,,,,,
Azerbaijan,War,Female,15 - 19,15,2017,96,,,,,,,,,,,,,,,
Azerbaijan,War,Female,20 - 24,20,2017,165,,,,,,,,,,,,,,,
Azerbaijan,War,Female,25 - 29,25,2017,196,,,,,,,,,,,,,,,
Azerbaijan,War,Female,30 - 34,30,2017,246,,,,,,,,,,,,,,,
Azerbaijan,War,Female,35 - 39,35,2017,316,,,,,,,,,,,,,,,
Azerbaijan,War,Female,40 - 44,40,2017,351,,,,,,,,,,,,,,,
Azerbaijan,War,Female,45 - 49,45,2017,586,,,,,,,,,,,,,,,
Azerbaijan,War,Female,50 - 54,50,2017,1151,,,,,,,,,,,,,,,
Azerbaijan,War,Female,55 - 59,55,2017,1780,,,,,,,,,,,,,,,
Azerbaijan,War,Female,60 - 64,60,2017,2157,,,,,,,,,,,,,,,
Azerbaijan,War,Female,65 - 69,65,2017,2453,,,,,,,,,,,,,,,
Azerbaijan,War,Female,70 - 74,70,2017,1790,,,,,,,,,,,,,,,
Azerbaijan,War,Female,75 - 79,75,2017,4479,,,,,,,,,,,,,,,
Azerbaijan,War,Female,80+,80,2017,9901,,,,,,,,,,,,,,,
Azerbaijan,War,Male,0 - 4,0,2017,1205,,,,,,,,,,,,,,,
Azerbaijan,War,Male,May-14,5,2017,247,,,,,,,,,,,,,,,
Azerbaijan,War,Male,15 - 19,15,2017,213,,,,,,,,,,,,,,,
Azerbaijan,War,Male,20 - 24,20,2017,292,,,,,,,,,,,,,,,
Azerbaijan,War,Male,25 - 29,25,2017,419,,,,,,,,,,,,,,,
Azerbaijan,War,Male,30 - 34,30,2017,489,,,,,,,,,,,,,,,
Azerbaijan,War,Male,35 - 39,35,2017,621,,,,,,,,,,,,,,,
Azerbaijan,War,Male,40 - 44,40,2017,855,,,,,,,,,,,,,,,
Azerbaijan,War,Male,45 - 49,45,2017,1452,,,,,,,,,,,,,,,
Azerbaijan,War,Male,50 - 54,50,2017,2368,,,,,,,,,,,,,,,
Azerbaijan,War,Male,55 - 59,55,2017,3487,,,,,,,,,,,,,,,
Azerbaijan,War,Male,60 - 64,60,2017,3627,,,,,,,,,,,,,,,
Azerbaijan,War,Male,65 - 69,65,2017,3333,,,,,,,,,,,,,,,
Azerbaijan,War,Male,70 - 74,70,2017,2002,,,,,,,,,,,,,,,
Azerbaijan,War,Male,75 - 79,75,2017,3928,,,,,,,,,,,,,,,
Azerbaijan,War,Male,80+,80,2017,5891,,,,,,,,,,,,,,,
Azerbaijan,War,Female,0 - 4,0,2018,760,,,,,,,,,,,,,,,
Azerbaijan,War,Female,May-14,5,2018,158,,,,,,,,,,,,,,,
Azerbaijan,War,Female,15 - 19,15,2018,95,,,,,,,,,,,,,,,
Azerbaijan,War,Female,20 - 24,20,2018,142,,,,,,,,,,,,,,,
Azerbaijan,War,Female,25 - 29,25,2018,202,,,,,,,,,,,,,,,
Azerbaijan,War,Female,30 - 34,30,2018,224,,,,,,,,,,,,,,,
Azerbaijan,War,Female,35 - 39,35,2018,248,,,,,,,,,,,,,,,
Azerbaijan,War,Female,40 - 44,40,2018,339,,,,,,,,,,,,,,,
Azerbaijan,War,Female,45 - 49,45,2018,581,,,,,,,,,,,,,,,
Azerbaijan,War,Female,50 - 54,50,2018,1094,,,,,,,,,,,,,,,
Azerbaijan,War,Female,55 - 59,55,2018,1744,,,,,,,,,,,,,,,
Azerbaijan,War,Female,60 - 64,60,2018,2271,,,,,,,,,,,,,,,
Azerbaijan,War,Female,65 - 69,65,2018,2470,,,,,,,,,,,,,,,
Azerbaijan,War,Female,70 - 74,70,2018,1973,,,,,,,,,,,,,,,
Azerbaijan,War,Female,75 - 79,75,2018,3760,,,,,,,,,,,,,,,
Azerbaijan,War,Female,80+,80,2018,10546,,,,,,,,,,,,,,,
Azerbaijan,War,Male,0 - 4,0,2018,1065,,,,,,,,,,,,,,,
Azerbaijan,War,Male,May-14,5,2018,268,,,,,,,,,,,,,,,
Azerbaijan,War,Male,15 - 19,15,2018,209,,,,,,,,,,,,,,,
Azerbaijan,War,Male,20 - 24,20,2018,299,,,,,,,,,,,,,,,
Azerbaijan,War,Male,25 - 29,25,2018,380,,,,,,,,,,,,,,,
Azerbaijan,War,Male,30 - 34,30,2018,475,,,,,,,,,,,,,,,
Azerbaijan,War,Male,35 - 39,35,2018,529,,,,,,,,,,,,,,,
Azerbaijan,War,Male,40 - 44,40,2018,860,,,,,,,,,,,,,,,
Azerbaijan,War,Male,45 - 49,45,2018,1346,,,,,,,,,,,,,,,
Azerbaijan,War,Male,50 - 54,50,2018,2210,,,,,,,,,,,,,,,
Azerbaijan,War,Male,55 - 59,55,2018,3414,,,,,,,,,,,,,,,
Azerbaijan,War,Male,60 - 64,60,2018,3785,,,,,,,,,,,,,,,
Azerbaijan,War,Male,65 - 69,65,2018,3407,,,,,,,,,,,,,,,
Azerbaijan,War,Male,70 - 74,70,2018,2238,,,,,,,,,,,,,,,
Azerbaijan,War,Male,75 - 79,75,2018,3422,,,,,,,,,,,,,,,
Azerbaijan,War,Male,80+,80,2018,6736,,,,,,,,,,,,,,,
Azerbaijan,War,Female,0 - 4,0,2019,722,,,,,,,,,,,,,,,
Azerbaijan,War,Female,May-14,5,2019,192,,,,,,,,,,,,,,,
Azerbaijan,War,Female,15 - 19,15,2019,118,,,,,,,,,,,,,,,
Azerbaijan,War,Female,20 - 24,20,2019,136,,,,,,,,,,,,,,,
Azerbaijan,War,Female,25 - 29,25,2019,193,,,,,,,,,,,,,,,
Azerbaijan,War,Female,30 - 34,30,2019,240,,,,,,,,,,,,,,,
Azerbaijan,War,Female,35 - 39,35,2019,301,,,,,,,,,,,,,,,
Azerbaijan,War,Female,40 - 44,40,2019,402,,,,,,,,,,,,,,,
Azerbaijan,War,Female,45 - 49,45,2019,606,,,,,,,,,,,,,,,
Azerbaijan,War,Female,50 - 54,50,2019,1027,,,,,,,,,,,,,,,
Azerbaijan,War,Female,55 - 59,55,2019,1792,,,,,,,,,,,,,,,
Azerbaijan,War,Female,60 - 64,60,2019,2277,,,,,,,,,,,,,,,
Azerbaijan,War,Female,65 - 69,65,2019,2553,,,,,,,,,,,,,,,
Azerbaijan,War,Female,70 - 74,70,2019,2238,,,,,,,,,,,,,,,
Azerbaijan,War,Female,75 - 79,75,2019,3007,,,,,,,,,,,,,,,
Azerbaijan,War,Female,80+,80,2019,10186,,,,,,,,,,,,,,,
Azerbaijan,War,Male,0 - 4,0,2019,1113,,,,,,,,,,,,,,,
Azerbaijan,War,Male,May-14,5,2019,296,,,,,,,,,,,,,,,
Azerbaijan,War,Male,15 - 19,15,2019,222,,,,,,,,,,,,,,,
Azerbaijan,War,Male,20 - 24,20,2019,313,,,,,,,,,,,,,,,
Azerbaijan,War,Male,25 - 29,25,2019,408,,,,,,,,,,,,,,,
Azerbaijan,War,Male,30 - 34,30,2019,504,,,,,,,,,,,,,,,
Azerbaijan,War,Male,35 - 39,35,2019,617,,,,,,,,,,,,,,,
Azerbaijan,War,Male,40 - 44,40,2019,844,,,,,,,,,,,,,,,
Azerbaijan,War,Male,45 - 49,45,2019,1310,,,,,,,,,,,,,,,
Azerbaijan,War,Male,50 - 54,50,2019,1998,,,,,,,,,,,,,,,
Azerbaijan,War,Male,55 - 59,55,2019,3343,,,,,,,,,,,,,,,
Azerbaijan,War,Male,60 - 64,60,2019,3937,,,,,,,,,,,,,,,
Azerbaijan,War,Male,65 - 69,65,2019,3493,,,,,,,,,,,,,,,
Azerbaijan,War,Male,70 - 74,70,2019,2434,,,,,,,,,,,,,,,
Azerbaijan,War,Male,75 - 79,75,2019,2641,,,,,,,,,,,,,,,
Azerbaijan,War,Male,80+,80,2019,6453,,,,,,,,,,,,,,,
Azerbaijan,War,Female,0 - 4,0,2020,568,829.4,570.2388645,962.0778717,-261.4,-394.0778717,-2.238864534,667.0683807,829.4,711.5639038,570.2388645,780.3400509,715.0194181,962.0778717,607,820
Azerbaijan,War,Female,May-14,5,2020,173,191.3070787,144.3536629,241.0161025,-18.30707875,-68.01610246,28.64633708,191.3070787,164.2,183.0769601,151.8504283,241.0161025,144.3536629,186.7748934,150,210
Azerbaijan,War,Female,15 - 19,15,2020,96,108,68.37380931,154.2700923,-12,-58.27009233,27.62619069,102.7036215,108,104.8279315,68.37380931,154.2700923,94.51863897,123.4042314,86,128
Azerbaijan,War,Female,20 - 24,20,2020,156,159.8,95.99160112,188.1993735,-3.8,-32.19937348,60.00839888,129.3130753,159.8,135.1265332,95.99160112,174.2014015,135.6861053,188.1993735,107,173
Azerbaijan,War,Female,25 - 29,25,2020,196,199.4,151.1630006,234.4352511,-3.4,-38.43525105,44.83699943,188.249664,199.4,192.6015059,151.1630006,234.4352511,184.0360951,216.0465314,165,224
Azerbaijan,War,Female,30 - 34,30,2020,265,248.0011044,205.6180423,299.1203842,16.99889558,-34.12038416,59.38195773,248.0011044,228.8,242.2490085,205.6180423,299.1203842,211.0585939,248.0327337,207,284
Azerbaijan,War,Female,35 - 39,35,2020,341,302.9155239,191.6760461,478.7129977,38.08447608,-137.7129977,149.3239539,302.9155239,270.6,295.5727072,191.6760461,478.7129977,228.7555771,320.0986875,250,344
Azerbaijan,War,Female,40 - 44,40,2020,458,373.9281247,290.3516781,481.1048809,84.07187531,-23.10488093,167.6483219,373.7507318,366.8,373.9281247,290.3516781,481.1048809,337.6427277,398.4751602,328,416
Azerbaijan,War,Female,45 - 49,45,2020,758,617.8,484.0325459,666.6940323,140.2,91.30596765,273.9674541,564.753495,617.8,580.3728702,484.0325459,658.9360837,572.4917601,666.6940323,528,632
Azerbaijan,War,Female,50 - 54,50,2020,1458,1120,941.176499,1197.160567,338,260.8394335,516.823501,1017.062702,1120,1040.58137,941.176499,1099.06754,1047.812662,1197.160567,944,1126
Azerbaijan,War,Female,55 - 59,55,2020,2629,1808.330029,1695,1915.843554,820.6699711,713.1564465,934,1808.330029,1754.6,1792.069746,1706.84996,1915.843554,1707.55833,1802.937625,1695,1882
Azerbaijan,War,Female,60 - 64,60,2020,3740,2444.266348,1930.654137,2640,1295.733652,1100,1809.345863,2444.266348,2124.8,2346.430555,2267.879823,2634.371503,1930.654137,2338.469099,2125,2640
Azerbaijan,War,Female,65 - 69,65,2020,3791,2848.079911,1977.359196,3409.981375,942.920089,381.0186251,1813.640804,2848.079911,2302.4,2679.380021,2378.76935,3409.981375,1977.359196,2680.871422,2323,3119
Azerbaijan,War,Female,70 - 74,70,2020,3514,2157.828818,1648.89238,2823.850278,1356.171182,690.1497218,1865.10762,2157.828818,1971.6,2113.671158,1648.89238,2823.850278,1771.108202,2194.787735,1961,2307
Azerbaijan,War,Female,75 - 79,75,2020,3122,4265.4,2177.917591,5508.363508,-1143.4,-2386.363508,944.0824094,2870.145239,4265.4,3102.078941,2177.917591,3782.389989,3302.911497,5508.363508,2289,3984
Azerbaijan,War,Female,80+,99,2020,12301,10978.47674,9022.59486,12628.72549,1322.523261,-327.7254888,3278.40514,10978.47674,9830,10589.24756,9543.872944,12628.72549,9022.59486,10709.65742,9856,11376
Azerbaijan,War,Male,0 - 4,0,2020,841,1211.6,837.1331477,1394.498502,-370.6,-553.4985021,3.866852336,989.1681893,1211.6,1059.302054,837.1331477,1168.814913,1052.689951,1394.498502,912,1206
Azerbaijan,War,Male,May-14,5,2020,248,311.2052274,221.9714986,340,-63.20522739,-92,26.02850141,311.2052274,254.6,289.7902193,290.3686644,333.5370012,221.9714986,292.0246987,234,340
Azerbaijan,War,Male,15 - 19,15,2020,668,219.8,158.8110984,298.4468915,448.2,369.5531085,509.1889016,217.7077827,219.8,218.0211746,158.8110984,298.4468915,198.5270034,243.3524869,187,251
Azerbaijan,War,Male,20 - 24,20,2020,1240,337.2,187.7588011,404.9349905,902.8,835.0650095,1052.241199,269.3381408,337.2,290.6956147,187.7588011,386.3628959,280.7952947,404.9349905,251,351
Azerbaijan,War,Male,25 - 29,25,2020,1174,404.6,343.5198387,452.3691352,769.4,721.6308648,830.4801613,394.2052414,404.6,396.9105348,343.5198387,452.3691352,385.9562899,424.144299,360,434
Azerbaijan,War,Male,30 - 34,30,2020,859,495.2317016,376.3327286,651.6957458,363.7682984,207.3042542,482.6672714,495.2317016,478.2,489.4264162,376.3327286,651.6957458,436.4045795,523.9982593,442,526
Azerbaijan,War,Male,35 - 39,35,2020,844,589.2,419.6468325,786.0777977,254.8,57.92220232,424.3531675,574.3475062,589.2,577.0227986,419.6468325,786.0777977,532.0708639,652.4631653,536,623
Azerbaijan,War,Male,40 - 44,40,2020,1074,873.451794,788,936.0718305,200.548206,137.9281695,286,873.451794,835.6,860.4210909,815.0208259,936.0718305,805.4575994,866.8704107,788,920
Azerbaijan,War,Male,45 - 49,45,2020,1557,1375.4,1070.717904,1567.150058,181.6,-10.15005771,486.2820962,1295.366985,1375.4,1321.366128,1070.717904,1567.150058,1279.217443,1478.814388,1234,1411
Azerbaijan,War,Male,50 - 54,50,2020,2595,2266,1740.018238,2490.073039,329,104.926961,854.9817619,1983.630035,2266,2068.741178,1740.018238,2261.348778,2062.090517,2490.073039,1885,2223
Azerbaijan,War,Male,55 - 59,55,2020,4430,3482.997746,3120.630624,3887.442879,947.0022542,542.5571208,1309.369376,3482.997746,3335,3430.650273,3120.630624,3887.442879,3186.398599,3490.5316,3299,3606
Azerbaijan,War,Male,60 - 64,60,2020,5801,4259.142525,3138.831847,4601,1541.857475,1200,2662.168153,4259.142525,3549.6,4003.110389,3975.730292,4562.757963,3138.831847,4014.123972,3558,4601
Azerbaijan,War,Male,65 - 69,65,2020,5244,3883.149763,2747.989546,4718.426519,1360.850237,525.573481,2496.010454,3883.149763,3179.4,3634.962077,3195.737397,4718.426519,2747.989546,3678.538143,3142,4175
Azerbaijan,War,Male,70 - 74,70,2020,4138,2399.421667,1890.151131,3045.906881,1738.578333,1092.093119,2247.848869,2399.421667,2174.2,2315.101809,1890.151131,3045.906881,1962.783428,2408.388808,2149,2494
Azerbaijan,War,Male,75 - 79,75,2020,2871,3678.2,1949.234244,4598.857516,-807.2,-1727.857516,921.7657561,2633.34291,3678.2,2888.697645,1949.234244,3557.548253,2941.851361,4598.857516,2239,3552
Azerbaijan,War,Male,80+,99,2020,8497,6983.332071,5509.707151,8371.599738,1513.667929,125.4002624,2987.292849,6983.332071,6121.8,6683.203496,5825.281707,8371.599738,5509.707151,6801.892408,6122,7312
Georgia,Neighbors,Female,0 - 4,0,2015,273,,,,,,,,,,,,,,,
Georgia,Neighbors,Female,May-14,5,2015,39,,,,,,,,,,,,,,,
Georgia,Neighbors,Female,15 - 19,15,2015,35,,,,,,,,,,,,,,,
Georgia,Neighbors,Female,20 - 24,20,2015,54,,,,,,,,,,,,,,,
Georgia,Neighbors,Female,25 - 29,25,2015,68,,,,,,,,,,,,,,,
Georgia,Neighbors,Female,30 - 34,30,2015,88,,,,,,,,,,,,,,,
Georgia,Neighbors,Female,35 - 39,35,2015,105,,,,,,,,,,,,,,,
Georgia,Neighbors,Female,40 - 44,40,2015,214,,,,,,,,,,,,,,,
Georgia,Neighbors,Female,45 - 49,45,2015,328,,,,,,,,,,,,,,,
Georgia,Neighbors,Female,50 - 54,50,2015,553,,,,,,,,,,,,,,,
Georgia,Neighbors,Female,55 - 59,55,2015,903,,,,,,,,,,,,,,,
Georgia,Neighbors,Female,60 - 64,60,2015,1223,,,,,,,,,,,,,,,
Georgia,Neighbors,Female,65 - 69,65,2015,1586,,,,,,,,,,,,,,,
Georgia,Neighbors,Female,70 - 74,70,2015,2070,,,,,,,,,,,,,,,
Georgia,Neighbors,Female,75 - 79,75,2015,4851,,,,,,,,,,,,,,,
Georgia,Neighbors,Female,80+,80,2015,11991,,,,,,,,,,,,,,,
Georgia,Neighbors,Male,0 - 4,0,2015,338,,,,,,,,,,,,,,,
Georgia,Neighbors,Male,May-14,5,2015,92,,,,,,,,,,,,,,,
Georgia,Neighbors,Male,15 - 19,15,2015,101,,,,,,,,,,,,,,,
Georgia,Neighbors,Male,20 - 24,20,2015,182,,,,,,,,,,,,,,,
Georgia,Neighbors,Male,25 - 29,25,2015,228,,,,,,,,,,,,,,,
Georgia,Neighbors,Male,30 - 34,30,2015,295,,,,,,,,,,,,,,,
Georgia,Neighbors,Male,35 - 39,35,2015,403,,,,,,,,,,,,,,,
Georgia,Neighbors,Male,40 - 44,40,2015,621,,,,,,,,,,,,,,,
Georgia,Neighbors,Male,45 - 49,45,2015,940,,,,,,,,,,,,,,,
Georgia,Neighbors,Male,50 - 54,50,2015,1626,,,,,,,,,,,,,,,
Georgia,Neighbors,Male,55 - 59,55,2015,2106,,,,,,,,,,,,,,,
Georgia,Neighbors,Male,60 - 64,60,2015,2467,,,,,,,,,,,,,,,
Georgia,Neighbors,Male,65 - 69,65,2015,2547,,,,,,,,,,,,,,,
Georgia,Neighbors,Male,70 - 74,70,2015,2543,,,,,,,,,,,,,,,
Georgia,Neighbors,Male,75 - 79,75,2015,4441,,,,,,,,,,,,,,,
Georgia,Neighbors,Male,80+,80,2015,6745,,,,,,,,,,,,,,,
Georgia,Neighbors,Female,0 - 4,0,2016,253,,,,,,,,,,,,,,,
Georgia,Neighbors,Female,May-14,5,2016,37,,,,,,,,,,,,,,,
Georgia,Neighbors,Female,15 - 19,15,2016,34,,,,,,,,,,,,,,,
Georgia,Neighbors,Female,20 - 24,20,2016,50,,,,,,,,,,,,,,,
Georgia,Neighbors,Female,25 - 29,25,2016,61,,,,,,,,,,,,,,,
Georgia,Neighbors,Female,30 - 34,30,2016,102,,,,,,,,,,,,,,,
Georgia,Neighbors,Female,35 - 39,35,2016,129,,,,,,,,,,,,,,,
Georgia,Neighbors,Female,40 - 44,40,2016,182,,,,,,,,,,,,,,,
Georgia,Neighbors,Female,45 - 49,45,2016,292,,,,,,,,,,,,,,,
Georgia,Neighbors,Female,50 - 54,50,2016,529,,,,,,,,,,,,,,,
Georgia,Neighbors,Female,55 - 59,55,2016,937,,,,,,,,,,,,,,,
Georgia,Neighbors,Female,60 - 64,60,2016,1204,,,,,,,,,,,,,,,
Georgia,Neighbors,Female,65 - 69,65,2016,1683,,,,,,,,,,,,,,,
Georgia,Neighbors,Female,70 - 74,70,2016,1715,,,,,,,,,,,,,,,
Georgia,Neighbors,Female,75 - 79,75,2016,4966,,,,,,,,,,,,,,,
Georgia,Neighbors,Female,80+,80,2016,12354,,,,,,,,,,,,,,,
Georgia,Neighbors,Male,0 - 4,0,2016,351,,,,,,,,,,,,,,,
Georgia,Neighbors,Male,May-14,5,2016,54,,,,,,,,,,,,,,,
Georgia,Neighbors,Male,15 - 19,15,2016,109,,,,,,,,,,,,,,,
Georgia,Neighbors,Male,20 - 24,20,2016,152,,,,,,,,,,,,,,,
Georgia,Neighbors,Male,25 - 29,25,2016,244,,,,,,,,,,,,,,,
Georgia,Neighbors,Male,30 - 34,30,2016,316,,,,,,,,,,,,,,,
Georgia,Neighbors,Male,35 - 39,35,2016,432,,,,,,,,,,,,,,,
Georgia,Neighbors,Male,40 - 44,40,2016,647,,,,,,,,,,,,,,,
Georgia,Neighbors,Male,45 - 49,45,2016,929,,,,,,,,,,,,,,,
Georgia,Neighbors,Male,50 - 54,50,2016,1552,,,,,,,,,,,,,,,
Georgia,Neighbors,Male,55 - 59,55,2016,2132,,,,,,,,,,,,,,,
Georgia,Neighbors,Male,60 - 64,60,2016,2489,,,,,,,,,,,,,,,
Georgia,Neighbors,Male,65 - 69,65,2016,2760,,,,,,,,,,,,,,,
Georgia,Neighbors,Male,70 - 74,70,2016,2255,,,,,,,,,,,,,,,
Georgia,Neighbors,Male,75 - 79,75,2016,4444,,,,,,,,,,,,,,,
Georgia,Neighbors,Male,80+,80,2016,7058,,,,,,,,,,,,,,,
Georgia,Neighbors,Female,0 - 4,0,2017,267,,,,,,,,,,,,,,,
Georgia,Neighbors,Female,May-14,5,2017,41,,,,,,,,,,,,,,,
Georgia,Neighbors,Female,15 - 19,15,2017,36,,,,,,,,,,,,,,,
Georgia,Neighbors,Female,20 - 24,20,2017,40,,,,,,,,,,,,,,,
Georgia,Neighbors,Female,25 - 29,25,2017,60,,,,,,,,,,,,,,,
Georgia,Neighbors,Female,30 - 34,30,2017,80,,,,,,,,,,,,,,,
Georgia,Neighbors,Female,35 - 39,35,2017,106,,,,,,,,,,,,,,,
Georgia,Neighbors,Female,40 - 44,40,2017,188,,,,,,,,,,,,,,,
Georgia,Neighbors,Female,45 - 49,45,2017,294,,,,,,,,,,,,,,,
Georgia,Neighbors,Female,50 - 54,50,2017,469,,,,,,,,,,,,,,,
Georgia,Neighbors,Female,55 - 59,55,2017,791,,,,,,,,,,,,,,,
Georgia,Neighbors,Female,60 - 64,60,2017,1117,,,,,,,,,,,,,,,
Georgia,Neighbors,Female,65 - 69,65,2017,1546,,,,,,,,,,,,,,,
Georgia,Neighbors,Female,70 - 74,70,2017,1575,,,,,,,,,,,,,,,
Georgia,Neighbors,Female,75 - 79,75,2017,4464,,,,,,,,,,,,,,,
Georgia,Neighbors,Female,80+,80,2017,12214,,,,,,,,,,,,,,,
Georgia,Neighbors,Male,0 - 4,0,2017,324,,,,,,,,,,,,,,,
Georgia,Neighbors,Male,May-14,5,2017,71,,,,,,,,,,,,,,,
Georgia,Neighbors,Male,15 - 19,15,2017,64,,,,,,,,,,,,,,,
Georgia,Neighbors,Male,20 - 24,20,2017,161,,,,,,,,,,,,,,,
Georgia,Neighbors,Male,25 - 29,25,2017,236,,,,,,,,,,,,,,,
Georgia,Neighbors,Male,30 - 34,30,2017,233,,,,,,,,,,,,,,,
Georgia,Neighbors,Male,35 - 39,35,2017,413,,,,,,,,,,,,,,,
Georgia,Neighbors,Male,40 - 44,40,2017,618,,,,,,,,,,,,,,,
Georgia,Neighbors,Male,45 - 49,45,2017,858,,,,,,,,,,,,,,,
Georgia,Neighbors,Male,50 - 54,50,2017,1339,,,,,,,,,,,,,,,
Georgia,Neighbors,Male,55 - 59,55,2017,2100,,,,,,,,,,,,,,,
Georgia,Neighbors,Male,60 - 64,60,2017,2308,,,,,,,,,,,,,,,
Georgia,Neighbors,Male,65 - 69,65,2017,2781,,,,,,,,,,,,,,,
Georgia,Neighbors,Male,70 - 74,70,2017,2107,,,,,,,,,,,,,,,
Georgia,Neighbors,Male,75 - 79,75,2017,4040,,,,,,,,,,,,,,,
Georgia,Neighbors,Male,80+,80,2017,6664,,,,,,,,,,,,,,,
Georgia,Neighbors,Female,0 - 4,0,2018,213,,,,,,,,,,,,,,,
Georgia,Neighbors,Female,May-14,5,2018,37,,,,,,,,,,,,,,,
Georgia,Neighbors,Female,15 - 19,15,2018,32,,,,,,,,,,,,,,,
Georgia,Neighbors,Female,20 - 24,20,2018,42,,,,,,,,,,,,,,,
Georgia,Neighbors,Female,25 - 29,25,2018,62,,,,,,,,,,,,,,,
Georgia,Neighbors,Female,30 - 34,30,2018,84,,,,,,,,,,,,,,,
Georgia,Neighbors,Female,35 - 39,35,2018,95,,,,,,,,,,,,,,,
Georgia,Neighbors,Female,40 - 44,40,2018,157,,,,,,,,,,,,,,,
Georgia,Neighbors,Female,45 - 49,45,2018,268,,,,,,,,,,,,,,,
Georgia,Neighbors,Female,50 - 54,50,2018,460,,,,,,,,,,,,,,,
Georgia,Neighbors,Female,55 - 59,55,2018,806,,,,,,,,,,,,,,,
Georgia,Neighbors,Female,60 - 64,60,2018,1116,,,,,,,,,,,,,,,
Georgia,Neighbors,Female,65 - 69,65,2018,1574,,,,,,,,,,,,,,,
Georgia,Neighbors,Female,70 - 74,70,2018,1638,,,,,,,,,,,,,,,
Georgia,Neighbors,Female,75 - 79,75,2018,3838,,,,,,,,,,,,,,,
Georgia,Neighbors,Female,80+,80,2018,12183,,,,,,,,,,,,,,,
Georgia,Neighbors,Male,0 - 4,0,2018,285,,,,,,,,,,,,,,,
Georgia,Neighbors,Male,May-14,5,2018,69,,,,,,,,,,,,,,,
Georgia,Neighbors,Male,15 - 19,15,2018,73,,,,,,,,,,,,,,,
Georgia,Neighbors,Male,20 - 24,20,2018,142,,,,,,,,,,,,,,,
Georgia,Neighbors,Male,25 - 29,25,2018,210,,,,,,,,,,,,,,,
Georgia,Neighbors,Male,30 - 34,30,2018,247,,,,,,,,,,,,,,,
Georgia,Neighbors,Male,35 - 39,35,2018,359,,,,,,,,,,,,,,,
Georgia,Neighbors,Male,40 - 44,40,2018,611,,,,,,,,,,,,,,,
Georgia,Neighbors,Male,45 - 49,45,2018,795,,,,,,,,,,,,,,,
Georgia,Neighbors,Male,50 - 54,50,2018,1326,,,,,,,,,,,,,,,
Georgia,Neighbors,Male,55 - 59,55,2018,2085,,,,,,,,,,,,,,,
Georgia,Neighbors,Male,60 - 64,60,2018,2438,,,,,,,,,,,,,,,
Georgia,Neighbors,Male,65 - 69,65,2018,2775,,,,,,,,,,,,,,,
Georgia,Neighbors,Male,70 - 74,70,2018,2211,,,,,,,,,,,,,,,
Georgia,Neighbors,Male,75 - 79,75,2018,3435,,,,,,,,,,,,,,,
Georgia,Neighbors,Male,80+,80,2018,6697,,,,,,,,,,,,,,,
Georgia,Neighbors,Female,0 - 4,0,2019,196,,,,,,,,,,,,,,,
Georgia,Neighbors,Female,May-14,5,2019,33,,,,,,,,,,,,,,,
Georgia,Neighbors,Female,15 - 19,15,2019,27,,,,,,,,,,,,,,,
Georgia,Neighbors,Female,20 - 24,20,2019,42,,,,,,,,,,,,,,,
Georgia,Neighbors,Female,25 - 29,25,2019,51,,,,,,,,,,,,,,,
Georgia,Neighbors,Female,30 - 34,30,2019,66,,,,,,,,,,,,,,,
Georgia,Neighbors,Female,35 - 39,35,2019,110,,,,,,,,,,,,,,,
Georgia,Neighbors,Female,40 - 44,40,2019,149,,,,,,,,,,,,,,,
Georgia,Neighbors,Female,45 - 49,45,2019,249,,,,,,,,,,,,,,,
Georgia,Neighbors,Female,50 - 54,50,2019,448,,,,,,,,,,,,,,,
Georgia,Neighbors,Female,55 - 59,55,2019,801,,,,,,,,,,,,,,,
Georgia,Neighbors,Female,60 - 64,60,2019,1105,,,,,,,,,,,,,,,
Georgia,Neighbors,Female,65 - 69,65,2019,1649,,,,,,,,,,,,,,,
Georgia,Neighbors,Female,70 - 74,70,2019,1926,,,,,,,,,,,,,,,
Georgia,Neighbors,Female,75 - 79,75,2019,3310,,,,,,,,,,,,,,,
Georgia,Neighbors,Female,80+,80,2019,12427,,,,,,,,,,,,,,,
Georgia,Neighbors,Male,0 - 4,0,2019,253,,,,,,,,,,,,,,,
Georgia,Neighbors,Male,May-14,5,2019,56,,,,,,,,,,,,,,,
Georgia,Neighbors,Male,15 - 19,15,2019,85,,,,,,,,,,,,,,,
Georgia,Neighbors,Male,20 - 24,20,2019,124,,,,,,,,,,,,,,,
Georgia,Neighbors,Male,25 - 29,25,2019,169,,,,,,,,,,,,,,,
Georgia,Neighbors,Male,30 - 34,30,2019,241,,,,,,,,,,,,,,,
Georgia,Neighbors,Male,35 - 39,35,2019,366,,,,,,,,,,,,,,,
Georgia,Neighbors,Male,40 - 44,40,2019,546,,,,,,,,,,,,,,,
Georgia,Neighbors,Male,45 - 49,45,2019,855,,,,,,,,,,,,,,,
Georgia,Neighbors,Male,50 - 54,50,2019,1215,,,,,,,,,,,,,,,
Georgia,Neighbors,Male,55 - 59,55,2019,2094,,,,,,,,,,,,,,,
Georgia,Neighbors,Male,60 - 64,60,2019,2645,,,,,,,,,,,,,,,
Georgia,Neighbors,Male,65 - 69,65,2019,2774,,,,,,,,,,,,,,,
Georgia,Neighbors,Male,70 - 74,70,2019,2538,,,,,,,,,,,,,,,
Georgia,Neighbors,Male,75 - 79,75,2019,2970,,,,,,,,,,,,,,,
Georgia,Neighbors,Male,80+,80,2019,7037,,,,,,,,,,,,,,,
Georgia,Neighbors,Female,0 - 4,0,2020,196,240.4,143.6135867,286.6980758,-44.4,-90.69807582,52.38641334,187.350528,240.4,196.5604134,143.6135867,244.4073793,201.5784718,286.6980758,157,235
Georgia,Neighbors,Female,May-14,5,2020,35,37.4,23,49,-2.4,-14,12,33.93140121,37.4,34.33685211,26.61092151,43.26569405,33.89219859,41.2708546,23,49
Georgia,Neighbors,Female,15 - 19,15,2020,34,32.8,19,39,1.2,-5,15,27.73129478,32.8,28.33019799,21.10455019,36.43881075,28.66056839,37.53728765,19,39
Georgia,Neighbors,Female,20 - 24,20,2020,38,45.6,27,55,-7.6,-17,11,36.74455898,45.6,39.48906793,27.70434375,48.73469036,38.6569103,53.79012403,27,55
Georgia,Neighbors,Female,25 - 29,25,2020,42,60.4,36,68.47991611,-18.4,-26.47991611,6,51.1048029,60.4,53.02565853,41.1469362,63.47254791,53.27342975,68.47991611,36,65
Georgia,Neighbors,Female,30 - 34,30,2020,78,84,44.09627184,101.8546476,-6,-23.85464758,33.90372816,66.91320025,84,68.98462123,44.09627184,101.5363925,69.27518938,101.8546476,49,91
Georgia,Neighbors,Female,35 - 39,35,2020,104,109,66.78793013,155.720948,-5,-51.720948,37.21206987,101.9817621,109,103.0046719,66.78793013,155.720948,94.56594061,125.6372001,84,124
Georgia,Neighbors,Female,40 - 44,40,2020,159,178,112,213.3245092,-19,-54.32450921,47,135.9197069,178,145.7909062,112.5335189,164.1659028,148.5248934,213.3245092,112,183
Georgia,Neighbors,Female,45 - 49,45,2020,279,286.2,209,325.7274694,-7.2,-46.72746942,70,235.456299,286.2,247.6988796,211.6998827,261.8785992,251.4692425,325.7274694,209,298
Georgia,Neighbors,Female,50 - 54,50,2020,468,491.8,371.5772375,552.7992032,-23.80000001,-84.79920323,96.42276248,413.400981,491.8,434.6881317,371.5772375,459.9322935,437.5318173,552.7992032,387,498
Georgia,Neighbors,Female,55 - 59,55,2020,817,847.6,620.92093,935.5492844,-30.6,-118.5492844,196.07907,751.5928186,847.6,777.1371456,620.92093,909.7644124,767.9186677,935.5492844,698,858
Georgia,Neighbors,Female,60 - 64,60,2020,1342,1153,983.6037916,1224.454471,189,117.5455291,358.3962084,1058.91681,1153,1085.698782,983.6037916,1139.996429,1085.715338,1224.454471,996,1164
Georgia,Neighbors,Female,65 - 69,65,2020,1833,1612.832664,1408.562031,1846.437391,220.167336,-13.43739053,424.4379687,1612.706297,1607.6,1612.832664,1408.562031,1846.437391,1538.901584,1679.365196,1544,1691
Georgia,Neighbors,Female,70 - 74,70,2020,2414,1784.8,1087.815428,2587.984788,629.2,-173.9847881,1326.184572,1677.870609,1784.8,1747.999593,1087.815428,2587.984788,1545.218116,2061.528407,1685,1834
Georgia,Neighbors,Female,75 - 79,75,2020,2980,4285.8,2496.200333,5251.159353,-1305.8,-2271.159353,483.7996666,3157.125849,4285.8,3337.714863,2496.200333,3993.046348,3497.909776,5251.159353,2643,4060
Georgia,Neighbors,Female,80+,99,2020,13641,12445.51234,11957.72915,12953.19333,1195.487659,687.8066746,1683.270848,12445.51234,12233.8,12380.26045,11957.72915,12953.19333,12026.24099,12444.94124,12102,12620
Georgia,Neighbors,Male,0 - 4,0,2020,239,310.2,197.7325105,364.6748189,-71.2,-125.6748189,41.26748952,245.3271329,310.2,260.9183894,197.7325105,304.3778791,263.8625839,364.6748189,212,317
Georgia,Neighbors,Male,May-14,5,2020,58,68.4,26.5805509,105.1199334,-10.4,-47.11993339,31.4194491,52.85967972,68.4,58.89415928,26.5805509,105.1199334,51.89862412,90.14805459,46,77
Georgia,Neighbors,Male,15 - 19,15,2020,72,86.4,33.30014233,137.893232,-14.4,-65.89323197,38.69985767,67.76329575,86.4,71.842451,33.30014233,137.893232,65.98571909,113.1299333,55,94
Georgia,Neighbors,Male,20 - 24,20,2020,116,152.2,94.50751341,181.515777,-36.2,-65.51577695,21.49248659,117.8264377,152.2,128.0048614,94.50751341,146.8991081,127.6188791,181.515777,99,161
Georgia,Neighbors,Male,25 - 29,25,2020,187,217.4,124.1761145,257.8050686,-30.4,-70.80506858,62.82388548,175.3243177,217.4,183.8265225,124.1761145,247.5404911,183.327505,257.8050686,146,225
Georgia,Neighbors,Male,30 - 34,30,2020,223,266.4,152.8826972,316.2370926,-43.4,-93.23709258,70.11730283,217.2100712,266.4,229.2174972,152.8826972,308.6040205,224.416938,316.2370926,193,272
Georgia,Neighbors,Male,35 - 39,35,2020,348,394.6,286.1279214,435.3022816,-46.6,-87.30228162,61.87207862,352.361467,394.6,363.2466408,286.1279214,433.9269052,357.7035237,435.3022816,317,418
Georgia,Neighbors,Male,40 - 44,40,2020,570,608.6,475.6296502,657.0622237,-38.6,-87.06222369,94.37034976,554.742292,608.6,567.3718441,475.6296502,647.0139327,563.7121518,657.0622237,516,628
Georgia,Neighbors,Male,45 - 49,45,2020,880,875.4,671.9628996,952.6794385,4.599999999,-72.67943852,208.0371004,787.7955326,875.4,814.0518913,671.9628996,923.5953378,804.389314,952.6794385,737,899
Georgia,Neighbors,Male,50 - 54,50,2020,1299,1411.6,1002.787733,1640.687785,-112.6,-341.6877851,296.2122668,1122.919592,1411.6,1202.67376,1002.787733,1257.442995,1214.49954,1640.687785,1023,1423
Georgia,Neighbors,Male,55 - 59,55,2020,2191,2103.4,1996,2171,87.6,20,195,2082.183655,2103.4,2087.408624,2030.237686,2135.458722,2081.450016,2125.581458,1996,2171
Georgia,Neighbors,Male,60 - 64,60,2020,2876,2562.231669,2160.264163,3038.9946,313.7683311,-162.9945996,715.735837,2562.231669,2469.4,2525.46929,2160.264163,3038.9946,2324.003774,2623.892624,2413,2629
Georgia,Neighbors,Male,65 - 69,65,2020,3300,2870.962169,2602.968722,3166.547375,429.0378313,133.4526248,697.031278,2870.962169,2727.4,2818.179289,2602.968722,3166.547375,2604.665413,2855.91797,2691,2964
Georgia,Neighbors,Male,70 - 74,70,2020,3249,2330.8,1665.825225,3216.169024,918.2,32.83097635,1583.174775,2314.643707,2330.8,2324.031061,1665.825225,3216.169024,2096.537191,2591.238859,2221,2430
Georgia,Neighbors,Male,75 - 79,75,2020,2858,3866,2266.745628,4761.612422,-1008,-1903.612422,591.2543715,2811.478287,3866,3061.338284,2266.745628,3487.118297,3138.843458,4761.612422,2441,3822
Georgia,Neighbors,Male,80+,99,2020,7874,6907.355119,6213.401782,7678.813704,966.6448805,195.1862964,1660.598218,6907.355119,6840.2,6868.340734,6213.401782,7678.813704,6606.433279,7082.238488,6654,7023
Iranian Azerbaijan,Neighbors,Female,0 - 4,0,2015,1687.714286,,,,,,,,,,,,,,,
Iranian Azerbaijan,Neighbors,Female,May-14,5,2015,655.5714286,,,,,,,,,,,,,,,
Iranian Azerbaijan,Neighbors,Female,15 - 19,15,2015,201.2857143,,,,,,,,,,,,,,,
Iranian Azerbaijan,Neighbors,Female,20 - 24,20,2015,215.1428571,,,,,,,,,,,,,,,
Iranian Azerbaijan,Neighbors,Female,25 - 29,25,2015,342.5714286,,,,,,,,,,,,,,,
Iranian Azerbaijan,Neighbors,Female,30 - 34,30,2015,330.2857143,,,,,,,,,,,,,,,
Iranian Azerbaijan,Neighbors,Female,35 - 39,35,2015,309.8571429,,,,,,,,,,,,,,,
Iranian Azerbaijan,Neighbors,Female,40 - 44,40,2015,340.4285714,,,,,,,,,,,,,,,
Iranian Azerbaijan,Neighbors,Female,45 - 49,45,2015,426.7142857,,,,,,,,,,,,,,,
Iranian Azerbaijan,Neighbors,Female,50 - 54,50,2015,599.4285714,,,,,,,,,,,,,,,
Iranian Azerbaijan,Neighbors,Female,55 - 59,55,2015,781.5714286,,,,,,,,,,,,,,,
Iranian Azerbaijan,Neighbors,Female,60 - 64,60,2015,1057.714286,,,,,,,,,,,,,,,
Iranian Azerbaijan,Neighbors,Female,65 - 69,65,2015,1293.285714,,,,,,,,,,,,,,,
Iranian Azerbaijan,Neighbors,Female,70 - 74,70,2015,1771.285714,,,,,,,,,,,,,,,
Iranian Azerbaijan,Neighbors,Female,75 - 79,75,2015,2614,,,,,,,,,,,,,,,
Iranian Azerbaijan,Neighbors,Female,80+,80,2015,6730.714286,,,,,,,,,,,,,,,
Iranian Azerbaijan,Neighbors,Male,0 - 4,0,2015,942.7142857,,,,,,,,,,,,,,,
Iranian Azerbaijan,Neighbors,Male,May-14,5,2015,311.8571429,,,,,,,,,,,,,,,
Iranian Azerbaijan,Neighbors,Male,15 - 19,15,2015,298.5714286,,,,,,,,,,,,,,,
Iranian Azerbaijan,Neighbors,Male,20 - 24,20,2015,492.5714286,,,,,,,,,,,,,,,
Iranian Azerbaijan,Neighbors,Male,25 - 29,25,2015,588.7142857,,,,,,,,,,,,,,,
Iranian Azerbaijan,Neighbors,Male,30 - 34,30,2015,618.1428571,,,,,,,,,,,,,,,
Iranian Azerbaijan,Neighbors,Male,35 - 39,35,2015,632.1428571,,,,,,,,,,,,,,,
Iranian Azerbaijan,Neighbors,Male,40 - 44,40,2015,673.7142857,,,,,,,,,,,,,,,
Iranian Azerbaijan,Neighbors,Male,45 - 49,45,2015,875.7142857,,,,,,,,,,,,,,,
Iranian Azerbaijan,Neighbors,Male,50 - 54,50,2015,1110.285714,,,,,,,,,,,,,,,
Iranian Azerbaijan,Neighbors,Male,55 - 59,55,2015,1522,,,,,,,,,,,,,,,
Iranian Azerbaijan,Neighbors,Male,60 - 64,60,2015,1622.714286,,,,,,,,,,,,,,,
Iranian Azerbaijan,Neighbors,Male,65 - 69,65,2015,1825.571429,,,,,,,,,,,,,,,
Iranian Azerbaijan,Neighbors,Male,70 - 74,70,2015,2019.285714,,,,,,,,,,,,,,,
Iranian Azerbaijan,Neighbors,Male,75 - 79,75,2015,3033.714286,,,,,,,,,,,,,,,
Iranian Azerbaijan,Neighbors,Male,80+,80,2015,6986.142857,,,,,,,,,,,,,,,
Iranian Azerbaijan,Neighbors,Female,0 - 4,0,2016,1211.714286,,,,,,,,,,,,,,,
Iranian Azerbaijan,Neighbors,Female,May-14,5,2016,438.1428571,,,,,,,,,,,,,,,
Iranian Azerbaijan,Neighbors,Female,15 - 19,15,2016,190.2857143,,,,,,,,,,,,,,,
Iranian Azerbaijan,Neighbors,Female,20 - 24,20,2016,218.1428571,,,,,,,,,,,,,,,
Iranian Azerbaijan,Neighbors,Female,25 - 29,25,2016,315.8571429,,,,,,,,,,,,,,,
Iranian Azerbaijan,Neighbors,Female,30 - 34,30,2016,335.5714286,,,,,,,,,,,,,,,
Iranian Azerbaijan,Neighbors,Female,35 - 39,35,2016,301,,,,,,,,,,,,,,,
Iranian Azerbaijan,Neighbors,Female,40 - 44,40,2016,326.7142857,,,,,,,,,,,,,,,
Iranian Azerbaijan,Neighbors,Female,45 - 49,45,2016,434.4285714,,,,,,,,,,,,,,,
Iranian Azerbaijan,Neighbors,Female,50 - 54,50,2016,548.2857143,,,,,,,,,,,,,,,
Iranian Azerbaijan,Neighbors,Female,55 - 59,55,2016,785.4285714,,,,,,,,,,,,,,,
Iranian Azerbaijan,Neighbors,Female,60 - 64,60,2016,1113.142857,,,,,,,,,,,,,,,
Iranian Azerbaijan,Neighbors,Female,65 - 69,65,2016,1321.285714,,,,,,,,,,,,,,,
Iranian Azerbaijan,Neighbors,Female,70 - 74,70,2016,1735.571429,,,,,,,,,,,,,,,
Iranian Azerbaijan,Neighbors,Female,75 - 79,75,2016,2467.571429,,,,,,,,,,,,,,,
Iranian Azerbaijan,Neighbors,Female,80+,80,2016,7131.714286,,,,,,,,,,,,,,,
Iranian Azerbaijan,Neighbors,Male,0 - 4,0,2016,853,,,,,,,,,,,,,,,
Iranian Azerbaijan,Neighbors,Male,May-14,5,2016,303.7142857,,,,,,,,,,,,,,,
Iranian Azerbaijan,Neighbors,Male,15 - 19,15,2016,294,,,,,,,,,,,,,,,
Iranian Azerbaijan,Neighbors,Male,20 - 24,20,2016,416.7142857,,,,,,,,,,,,,,,
Iranian Azerbaijan,Neighbors,Male,25 - 29,25,2016,527.7142857,,,,,,,,,,,,,,,
Iranian Azerbaijan,Neighbors,Male,30 - 34,30,2016,581.7142857,,,,,,,,,,,,,,,
Iranian Azerbaijan,Neighbors,Male,35 - 39,35,2016,625.8571429,,,,,,,,,,,,,,,
Iranian Azerbaijan,Neighbors,Male,40 - 44,40,2016,725.5714286,,,,,,,,,,,,,,,
Iranian Azerbaijan,Neighbors,Male,45 - 49,45,2016,880,,,,,,,,,,,,,,,
Iranian Azerbaijan,Neighbors,Male,50 - 54,50,2016,1055.857143,,,,,,,,,,,,,,,
Iranian Azerbaijan,Neighbors,Male,55 - 59,55,2016,1499,,,,,,,,,,,,,,,
Iranian Azerbaijan,Neighbors,Male,60 - 64,60,2016,1689,,,,,,,,,,,,,,,
Iranian Azerbaijan,Neighbors,Male,65 - 69,65,2016,1690.714286,,,,,,,,,,,,,,,
Iranian Azerbaijan,Neighbors,Male,70 - 74,70,2016,2028.714286,,,,,,,,,,,,,,,
Iranian Azerbaijan,Neighbors,Male,75 - 79,75,2016,2690.571429,,,,,,,,,,,,,,,
Iranian Azerbaijan,Neighbors,Male,80+,80,2016,7487.428571,,,,,,,,,,,,,,,
Iranian Azerbaijan,Neighbors,Female,0 - 4,0,2017,1137.857143,,,,,,,,,,,,,,,
Iranian Azerbaijan,Neighbors,Female,May-14,5,2017,406,,,,,,,,,,,,,,,
Iranian Azerbaijan,Neighbors,Female,15 - 19,15,2017,184.1428571,,,,,,,,,,,,,,,
Iranian Azerbaijan,Neighbors,Female,20 - 24,20,2017,173,,,,,,,,,,,,,,,
Iranian Azerbaijan,Neighbors,Female,25 - 29,25,2017,245.8571429,,,,,,,,,,,,,,,
Iranian Azerbaijan,Neighbors,Female,30 - 34,30,2017,335.4285714,,,,,,,,,,,,,,,
Iranian Azerbaijan,Neighbors,Female,35 - 39,35,2017,333.7142857,,,,,,,,,,,,,,,
Iranian Azerbaijan,Neighbors,Female,40 - 44,40,2017,310,,,,,,,,,,,,,,,
Iranian Azerbaijan,Neighbors,Female,45 - 49,45,2017,417.4285714,,,,,,,,,,,,,,,
Iranian Azerbaijan,Neighbors,Female,50 - 54,50,2017,558.2857143,,,,,,,,,,,,,,,
Iranian Azerbaijan,Neighbors,Female,55 - 59,55,2017,783.1428571,,,,,,,,,,,,,,,
Iranian Azerbaijan,Neighbors,Female,60 - 64,60,2017,1043.428571,,,,,,,,,,,,,,,
Iranian Azerbaijan,Neighbors,Female,65 - 69,65,2017,1357.571429,,,,,,,,,,,,,,,
Iranian Azerbaijan,Neighbors,Female,70 - 74,70,2017,1735.142857,,,,,,,,,,,,,,,
Iranian Azerbaijan,Neighbors,Female,75 - 79,75,2017,2309.714286,,,,,,,,,,,,,,,
Iranian Azerbaijan,Neighbors,Female,80+,80,2017,7349.142857,,,,,,,,,,,,,,,
Iranian Azerbaijan,Neighbors,Male,0 - 4,0,2017,779.2857143,,,,,,,,,,,,,,,
Iranian Azerbaijan,Neighbors,Male,May-14,5,2017,258.1428571,,,,,,,,,,,,,,,
Iranian Azerbaijan,Neighbors,Male,15 - 19,15,2017,305.7142857,,,,,,,,,,,,,,,
Iranian Azerbaijan,Neighbors,Male,20 - 24,20,2017,433,,,,,,,,,,,,,,,
Iranian Azerbaijan,Neighbors,Male,25 - 29,25,2017,499.1428571,,,,,,,,,,,,,,,
Iranian Azerbaijan,Neighbors,Male,30 - 34,30,2017,541,,,,,,,,,,,,,,,
Iranian Azerbaijan,Neighbors,Male,35 - 39,35,2017,568.7142857,,,,,,,,,,,,,,,
Iranian Azerbaijan,Neighbors,Male,40 - 44,40,2017,603.5714286,,,,,,,,,,,,,,,
Iranian Azerbaijan,Neighbors,Male,45 - 49,45,2017,827.7142857,,,,,,,,,,,,,,,
Iranian Azerbaijan,Neighbors,Male,50 - 54,50,2017,1051.428571,,,,,,,,,,,,,,,
Iranian Azerbaijan,Neighbors,Male,55 - 59,55,2017,1479,,,,,,,,,,,,,,,
Iranian Azerbaijan,Neighbors,Male,60 - 64,60,2017,1688.714286,,,,,,,,,,,,,,,
Iranian Azerbaijan,Neighbors,Male,65 - 69,65,2017,1799.714286,,,,,,,,,,,,,,,
Iranian Azerbaijan,Neighbors,Male,70 - 74,70,2017,2066.428571,,,,,,,,,,,,,,,
Iranian Azerbaijan,Neighbors,Male,75 - 79,75,2017,2528.285714,,,,,,,,,,,,,,,
Iranian Azerbaijan,Neighbors,Male,80+,80,2017,7573.571429,,,,,,,,,,,,,,,
Iranian Azerbaijan,Neighbors,Female,0 - 4,0,2018,1151.428571,,,,,,,,,,,,,,,
Iranian Azerbaijan,Neighbors,Female,May-14,5,2018,496,,,,,,,,,,,,,,,
Iranian Azerbaijan,Neighbors,Female,15 - 19,15,2018,175.7142857,,,,,,,,,,,,,,,
Iranian Azerbaijan,Neighbors,Female,20 - 24,20,2018,180.2857143,,,,,,,,,,,,,,,
Iranian Azerbaijan,Neighbors,Female,25 - 29,25,2018,195.8571429,,,,,,,,,,,,,,,
Iranian Azerbaijan,Neighbors,Female,30 - 34,30,2018,311.7142857,,,,,,,,,,,,,,,
Iranian Azerbaijan,Neighbors,Female,35 - 39,35,2018,328.1428571,,,,,,,,,,,,,,,
Iranian Azerbaijan,Neighbors,Female,40 - 44,40,2018,337,,,,,,,,,,,,,,,
Iranian Azerbaijan,Neighbors,Female,45 - 49,45,2018,450.2857143,,,,,,,,,,,,,,,
Iranian Azerbaijan,Neighbors,Female,50 - 54,50,2018,590.8571429,,,,,,,,,,,,,,,
Iranian Azerbaijan,Neighbors,Female,55 - 59,55,2018,810.8571429,,,,,,,,,,,,,,,
Iranian Azerbaijan,Neighbors,Female,60 - 64,60,2018,1103.857143,,,,,,,,,,,,,,,
Iranian Azerbaijan,Neighbors,Female,65 - 69,65,2018,1486.857143,,,,,,,,,,,,,,,
Iranian Azerbaijan,Neighbors,Female,70 - 74,70,2018,1883.857143,,,,,,,,,,,,,,,
Iranian Azerbaijan,Neighbors,Female,75 - 79,75,2018,2349.142857,,,,,,,,,,,,,,,
Iranian Azerbaijan,Neighbors,Female,80+,80,2018,7795.857143,,,,,,,,,,,,,,,
Iranian Azerbaijan,Neighbors,Male,0 - 4,0,2018,763.5714286,,,,,,,,,,,,,,,
Iranian Azerbaijan,Neighbors,Male,May-14,5,2018,261.1428571,,,,,,,,,,,,,,,
Iranian Azerbaijan,Neighbors,Male,15 - 19,15,2018,364.4285714,,,,,,,,,,,,,,,
Iranian Azerbaijan,Neighbors,Male,20 - 24,20,2018,415,,,,,,,,,,,,,,,
Iranian Azerbaijan,Neighbors,Male,25 - 29,25,2018,504,,,,,,,,,,,,,,,
Iranian Azerbaijan,Neighbors,Male,30 - 34,30,2018,565,,,,,,,,,,,,,,,
Iranian Azerbaijan,Neighbors,Male,35 - 39,35,2018,606.2857143,,,,,,,,,,,,,,,
Iranian Azerbaijan,Neighbors,Male,40 - 44,40,2018,651.2857143,,,,,,,,,,,,,,,
Iranian Azerbaijan,Neighbors,Male,45 - 49,45,2018,814.7142857,,,,,,,,,,,,,,,
Iranian Azerbaijan,Neighbors,Male,50 - 54,50,2018,1041.857143,,,,,,,,,,,,,,,
Iranian Azerbaijan,Neighbors,Male,55 - 59,55,2018,1543.857143,,,,,,,,,,,,,,,
Iranian Azerbaijan,Neighbors,Male,60 - 64,60,2018,1827.428571,,,,,,,,,,,,,,,
Iranian Azerbaijan,Neighbors,Male,65 - 69,65,2018,1868.285714,,,,,,,,,,,,,,,
Iranian Azerbaijan,Neighbors,Male,70 - 74,70,2018,2188.857143,,,,,,,,,,,,,,,
Iranian Azerbaijan,Neighbors,Male,75 - 79,75,2018,2394.285714,,,,,,,,,,,,,,,
Iranian Azerbaijan,Neighbors,Male,80+,80,2018,7982.285714,,,,,,,,,,,,,,,
Iranian Azerbaijan,Neighbors,Female,0 - 4,0,2019,1020,,,,,,,,,,,,,,,
Iranian Azerbaijan,Neighbors,Female,May-14,5,2019,426.7142857,,,,,,,,,,,,,,,
Iranian Azerbaijan,Neighbors,Female,15 - 19,15,2019,188.8571429,,,,,,,,,,,,,,,
Iranian Azerbaijan,Neighbors,Female,20 - 24,20,2019,160.7142857,,,,,,,,,,,,,,,
Iranian Azerbaijan,Neighbors,Female,25 - 29,25,2019,225.5714286,,,,,,,,,,,,,,,
Iranian Azerbaijan,Neighbors,Female,30 - 34,30,2019,302.2857143,,,,,,,,,,,,,,,
Iranian Azerbaijan,Neighbors,Female,35 - 39,35,2019,349.7142857,,,,,,,,,,,,,,,
Iranian Azerbaijan,Neighbors,Female,40 - 44,40,2019,383.1428571,,,,,,,,,,,,,,,
Iranian Azerbaijan,Neighbors,Female,45 - 49,45,2019,444.7142857,,,,,,,,,,,,,,,
Iranian Azerbaijan,Neighbors,Female,50 - 54,50,2019,596.1428571,,,,,,,,,,,,,,,
Iranian Azerbaijan,Neighbors,Female,55 - 59,55,2019,830.8571429,,,,,,,,,,,,,,,
Iranian Azerbaijan,Neighbors,Female,60 - 64,60,2019,1220.571429,,,,,,,,,,,,,,,
Iranian Azerbaijan,Neighbors,Female,65 - 69,65,2019,1560.428571,,,,,,,,,,,,,,,
Iranian Azerbaijan,Neighbors,Female,70 - 74,70,2019,1939.142857,,,,,,,,,,,,,,,
Iranian Azerbaijan,Neighbors,Female,75 - 79,75,2019,2245.428571,,,,,,,,,,,,,,,
Iranian Azerbaijan,Neighbors,Female,80+,80,2019,8032,,,,,,,,,,,,,,,
Iranian Azerbaijan,Neighbors,Male,0 - 4,0,2019,706.7142857,,,,,,,,,,,,,,,
Iranian Azerbaijan,Neighbors,Male,May-14,5,2019,299,,,,,,,,,,,,,,,
Iranian Azerbaijan,Neighbors,Male,15 - 19,15,2019,355.4285714,,,,,,,,,,,,,,,
Iranian Azerbaijan,Neighbors,Male,20 - 24,20,2019,460.2857143,,,,,,,,,,,,,,,
Iranian Azerbaijan,Neighbors,Male,25 - 29,25,2019,505.2857143,,,,,,,,,,,,,,,
Iranian Azerbaijan,Neighbors,Male,30 - 34,30,2019,583.2857143,,,,,,,,,,,,,,,
Iranian Azerbaijan,Neighbors,Male,35 - 39,35,2019,664.4285714,,,,,,,,,,,,,,,
Iranian Azerbaijan,Neighbors,Male,40 - 44,40,2019,699.1428571,,,,,,,,,,,,,,,
Iranian Azerbaijan,Neighbors,Male,45 - 49,45,2019,920.2857143,,,,,,,,,,,,,,,
Iranian Azerbaijan,Neighbors,Male,50 - 54,50,2019,1225.285714,,,,,,,,,,,,,,,
Iranian Azerbaijan,Neighbors,Male,55 - 59,55,2019,1543.571429,,,,,,,,,,,,,,,
Iranian Azerbaijan,Neighbors,Male,60 - 64,60,2019,2013.285714,,,,,,,,,,,,,,,
Iranian Azerbaijan,Neighbors,Male,65 - 69,65,2019,2061,,,,,,,,,,,,,,,
Iranian Azerbaijan,Neighbors,Male,70 - 74,70,2019,2301.285714,,,,,,,,,,,,,,,
Iranian Azerbaijan,Neighbors,Male,75 - 79,75,2019,2358.142857,,,,,,,,,,,,,,,
Iranian Azerbaijan,Neighbors,Male,80+,80,2019,8439.571429,,,,,,,,,,,,,,,
Iranian Azerbaijan,Neighbors,Female,0 - 4,0,2020,1001.142857,1241.742857,590.8058363,1608.496841,-240.6,-607.353984,410.3370208,873.4678022,1241.742857,1026.564651,590.8058363,1291.365038,958.6125902,1608.496841,771,1348
Iranian Azerbaijan,Neighbors,Female,May-14,5,2020,477.5714286,484.4857143,201.0293821,700.9093689,-6.914285714,-223.3379404,276.5420465,375.3709863,484.4857143,413.6359831,201.0293821,700.9093689,373.7051167,628.1059501,320,503
Iranian Azerbaijan,Neighbors,Female,15 - 19,15,2020,187.4285714,188.0571429,152.8608774,207,-0.628571429,-19.57142857,34.56769399,176.5131465,188.0571429,180.9764752,152.8608774,203.8251474,176.8208701,200.0074366,153,207
Iranian Azerbaijan,Neighbors,Female,20 - 24,20,2020,205,189.4571429,117.7501855,224.368102,15.54285714,-19.36810199,87.24981448,149.1896535,189.4571429,167.4973588,117.7501855,189.0235045,159.9782173,224.368102,141,207
Iranian Azerbaijan,Neighbors,Female,25 - 29,25,2020,221,265.1428571,116.167937,354.2305886,-44.14285714,-133.2305886,104.832063,173.9140962,265.1428571,211.817556,116.167937,260.3654127,198.4603728,354.2305886,150,285
Iranian Azerbaijan,Neighbors,Female,30 - 34,30,2020,348.1428571,323.0571429,270.3317826,360,25.08571429,-11.85714286,77.81107456,299.7775481,323.0571429,313.4154077,270.3317826,332.43068,304.7451478,342.4694973,284,360
Iranian Azerbaijan,Neighbors,Female,35 - 39,35,2020,458.2857143,357.8079672,301.3058257,399.549946,100.4777471,58.73576829,156.9798886,357.8079672,324.4857143,339.4906944,320.4268769,399.549946,301.3058257,349.4488649,307,389
Iranian Azerbaijan,Neighbors,Female,40 - 44,40,2020,505,369.1378898,287.9306602,473.2485995,135.8621102,31.75140049,217.0693398,369.1378898,339.4571429,345.9547834,287.9306602,473.2485995,307.3811595,374.8803343,306,383
Iranian Azerbaijan,Neighbors,Female,45 - 49,45,2020,658.2857143,450.4900298,390,493.791612,207.7956845,164.4941023,268.2857143,450.4900298,434.7142857,440.5086694,410.9856507,493.791612,418.5347767,451.5192541,390,486
Iranian Azerbaijan,Neighbors,Female,50 - 54,50,2020,880.5714286,589.4787886,506.2369702,686.4082686,291.0926399,194.16316,374.3344583,589.4787886,578.6,577.9425349,506.2369702,686.4082686,550.0538855,608.6275706,538,620
Iranian Azerbaijan,Neighbors,Female,55 - 59,55,2020,1208.142857,836.2540002,748,874.1996032,371.888857,333.9432539,460.1428571,836.2540002,798.3714286,813.6881609,799.955468,874.1996032,771.8125364,825.8442405,748,865
Iranian Azerbaijan,Neighbors,Female,60 - 64,60,2020,1863.857143,1205.909306,1024.405006,1419.572578,657.9478364,444.2845649,839.4521367,1205.909306,1107.742857,1142.782458,1024.405006,1419.572578,1024.531591,1197.712446,1068,1225
Iranian Azerbaijan,Neighbors,Female,65 - 69,65,2020,2681.285714,1626.564873,1268.494518,1751.694544,1054.720842,929.59117,1412.791196,1626.564873,1403.885714,1496.532,1510.373651,1751.694544,1268.494518,1553.727723,1343,1686
Iranian Azerbaijan,Neighbors,Female,70 - 74,70,2020,3023.285714,1962.82138,1700.916611,2191.025731,1060.464334,832.2599834,1322.369103,1962.82138,1813,1867.052424,1758.385453,2191.025731,1700.916611,1932.469222,1731,1994
Iranian Azerbaijan,Neighbors,Female,75 - 79,75,2020,3386.285714,2397.171429,1974.600628,2585.127293,989.1142857,801.1584213,1411.685086,2150.892341,2397.171429,2262.186317,1974.600628,2342.923322,2222.8812,2585.127293,2053,2481
Iranian Azerbaijan,Neighbors,Female,80+,99,2020,10729.28571,8440.174729,6790.455489,8702,2289.110986,2027.285714,3938.830225,8440.174729,7407.885714,7888.642424,8196.324494,8691.279793,6790.455489,8081.456515,7173,8702
Iranian Azerbaijan,Neighbors,Male,0 - 4,0,2020,597.5714286,809.0571429,598.8087488,930.516231,-211.4857143,-332.9448024,-1.237320234,653.5534557,809.0571429,711.6032119,598.8087488,713.3030709,703.4519535,930.516231,613,818
Iranian Azerbaijan,Neighbors,Male,May-14,5,2020,310.4285714,286.7714286,195.5067578,364.211628,23.65714285,-53.78305653,114.9218136,266.844214,286.7714286,271.924282,195.5067578,364.211628,257.1162348,319.8469841,244,311
Iranian Azerbaijan,Neighbors,Male,15 - 19,15,2020,309.2857143,382.7149492,284.5400106,462.3096359,-73.42923492,-153.0239216,24.74570365,382.7149492,323.6285714,356.8104666,316.8238794,462.3096359,284.5400106,368.0869064,307,416
Iranian Azerbaijan,Neighbors,Male,20 - 24,20,2020,412.1428571,443.5142857,323.0479456,556.4238928,-31.37142857,-144.2810356,89.09491157,423.97122,443.5142857,429.0419718,323.0479456,556.4238928,404.4879789,486.3059766,389,473
Iranian Azerbaijan,Neighbors,Male,25 - 29,25,2020,554.2857143,524.9714286,401.082017,573.3896949,29.31428571,-19.10398057,153.2036972,470.1532913,524.9714286,490.5582205,401.082017,551.1194916,480.6417054,573.3896949,431,551
Iranian Azerbaijan,Neighbors,Male,30 - 34,30,2020,715.4285714,577.8285714,468.1005593,651.7559948,137.6,63.67257658,247.3280121,552.3471243,577.8285714,560.5361661,468.1005593,651.7559948,543.8012893,613.9850429,511,615
Iranian Azerbaijan,Neighbors,Male,35 - 39,35,2020,835.7142857,633.1007931,511.3635163,783.8193409,202.6134926,51.89494484,324.3507695,633.1007931,619.4857143,623.071259,511.3635163,783.8193409,577.2176852,664.8489124,576,674
Iranian Azerbaijan,Neighbors,Male,40 - 44,40,2020,960.4285714,670.6571429,507.7221835,867.4838528,289.7714286,92.94471863,452.7063879,663.6571373,670.6571429,662.4703327,507.7221835,867.4838528,615.1424023,731.1819208,610,712
Iranian Azerbaijan,Neighbors,Male,45 - 49,45,2020,1209.285714,870.865973,720.5922015,1052.478144,338.4197413,156.8075701,488.6935128,870.865973,863.6857143,861.7646726,720.5922015,1052.478144,812.2154669,918.417641,809,930
Iranian Azerbaijan,Neighbors,Male,50 - 54,50,2020,1721.142857,1163.255395,919.3326369,1471.897179,557.8874619,249.2456783,801.8102203,1163.255395,1096.942857,1123.891741,919.3326369,1471.897179,1005.886998,1196.241361,1058,1188
Iranian Azerbaijan,Neighbors,Male,55 - 59,55,2020,2120.857143,1544.065159,1450.435187,1643.739228,576.7919842,477.1179152,670.4219557,1544.065159,1517.485714,1532.17932,1450.435187,1643.739228,1482.66681,1553.122305,1464,1601
Iranian Azerbaijan,Neighbors,Male,60 - 64,60,2020,2875.428571,2061.570002,1584.772259,2302.194231,813.8585692,573.2343408,1290.656313,2061.570002,1768.228571,1925.926768,1846.095702,2302.194231,1584.772259,1972.922143,1714,2167
Iranian Azerbaijan,Neighbors,Male,65 - 69,65,2020,3250.714286,2051.775287,1688.336032,2453.488862,1198.938999,797.225424,1562.378253,2051.775287,1849.057143,1954.095557,1715.834905,2453.488862,1688.336032,2025.078096,1792,2120
Iranian Azerbaijan,Neighbors,Male,70 - 74,70,2020,3351.142857,2347.054866,1975.412829,2513.220053,1004.087992,837.9228039,1375.730029,2347.054866,2120.914286,2246.685053,2191.87593,2513.220053,1975.412829,2277.132831,2085,2424
Iranian Azerbaijan,Neighbors,Male,75 - 79,75,2020,3528.428571,2601,1900.471957,2965.731708,927.4285714,562.6968631,1627.956614,2141.545286,2601,2311.844688,1900.471957,2413.198571,2281.123738,2965.731708,2004,2593
Iranian Azerbaijan,Neighbors,Male,80+,99,2020,11430.85714,8768.897714,7043.625222,9197.536697,2661.959429,2233.320446,4387.231921,8768.897714,7693.8,8304.957768,8360.234881,9197.536697,7043.625222,8403.990357,7666,9118
Russia Dagestan,Neighbors,Female,0 - 4,0,2015,353,,,,,,,,,,,,,,,
Russia Dagestan,Neighbors,Female,May-14,5,2015,72,,,,,,,,,,,,,,,
Russia Dagestan,Neighbors,Female,15 - 19,15,2015,36,,,,,,,,,,,,,,,
Russia Dagestan,Neighbors,Female,20 - 24,20,2015,45,,,,,,,,,,,,,,,
Russia Dagestan,Neighbors,Female,25 - 29,25,2015,62,,,,,,,,,,,,,,,
Russia Dagestan,Neighbors,Female,30 - 34,30,2015,76,,,,,,,,,,,,,,,
Russia Dagestan,Neighbors,Female,35 - 39,35,2015,77,,,,,,,,,,,,,,,
Russia Dagestan,Neighbors,Female,40 - 44,40,2015,105,,,,,,,,,,,,,,,
Russia Dagestan,Neighbors,Female,45 - 49,45,2015,183,,,,,,,,,,,,,,,
Russia Dagestan,Neighbors,Female,50 - 54,50,2015,228,,,,,,,,,,,,,,,
Russia Dagestan,Neighbors,Female,55 - 59,55,2015,362,,,,,,,,,,,,,,,
Russia Dagestan,Neighbors,Female,60 - 64,60,2015,383,,,,,,,,,,,,,,,
Russia Dagestan,Neighbors,Female,65 - 69,65,2015,422,,,,,,,,,,,,,,,
Russia Dagestan,Neighbors,Female,70 - 74,70,2015,462,,,,,,,,,,,,,,,
Russia Dagestan,Neighbors,Female,75 - 79,75,2015,1342,,,,,,,,,,,,,,,
Russia Dagestan,Neighbors,Female,80+,80,2015,3313,,,,,,,,,,,,,,,
Russia Dagestan,Neighbors,Male,0 - 4,0,2015,483,,,,,,,,,,,,,,,
Russia Dagestan,Neighbors,Male,May-14,5,2015,80,,,,,,,,,,,,,,,
Russia Dagestan,Neighbors,Male,15 - 19,15,2015,69,,,,,,,,,,,,,,,
Russia Dagestan,Neighbors,Male,20 - 24,20,2015,127,,,,,,,,,,,,,,,
Russia Dagestan,Neighbors,Male,25 - 29,25,2015,166,,,,,,,,,,,,,,,
Russia Dagestan,Neighbors,Male,30 - 34,30,2015,204,,,,,,,,,,,,,,,
Russia Dagestan,Neighbors,Male,35 - 39,35,2015,227,,,,,,,,,,,,,,,
Russia Dagestan,Neighbors,Male,40 - 44,40,2015,302,,,,,,,,,,,,,,,
Russia Dagestan,Neighbors,Male,45 - 49,45,2015,429,,,,,,,,,,,,,,,
Russia Dagestan,Neighbors,Male,50 - 54,50,2015,642,,,,,,,,,,,,,,,
Russia Dagestan,Neighbors,Male,55 - 59,55,2015,783,,,,,,,,,,,,,,,
Russia Dagestan,Neighbors,Male,60 - 64,60,2015,803,,,,,,,,,,,,,,,
Russia Dagestan,Neighbors,Male,65 - 69,65,2015,657,,,,,,,,,,,,,,,
Russia Dagestan,Neighbors,Male,70 - 74,70,2015,596,,,,,,,,,,,,,,,
Russia Dagestan,Neighbors,Male,75 - 79,75,2015,1173,,,,,,,,,,,,,,,
Russia Dagestan,Neighbors,Male,80+,80,2015,1926,,,,,,,,,,,,,,,
Russia Dagestan,Neighbors,Female,0 - 4,0,2016,298,,,,,,,,,,,,,,,
Russia Dagestan,Neighbors,Female,May-14,5,2016,49,,,,,,,,,,,,,,,
Russia Dagestan,Neighbors,Female,15 - 19,15,2016,25,,,,,,,,,,,,,,,
Russia Dagestan,Neighbors,Female,20 - 24,20,2016,30,,,,,,,,,,,,,,,
Russia Dagestan,Neighbors,Female,25 - 29,25,2016,45,,,,,,,,,,,,,,,
Russia Dagestan,Neighbors,Female,30 - 34,30,2016,58,,,,,,,,,,,,,,,
Russia Dagestan,Neighbors,Female,35 - 39,35,2016,86,,,,,,,,,,,,,,,
Russia Dagestan,Neighbors,Female,40 - 44,40,2016,115,,,,,,,,,,,,,,,
Russia Dagestan,Neighbors,Female,45 - 49,45,2016,145,,,,,,,,,,,,,,,
Russia Dagestan,Neighbors,Female,50 - 54,50,2016,245,,,,,,,,,,,,,,,
Russia Dagestan,Neighbors,Female,55 - 59,55,2016,337,,,,,,,,,,,,,,,
Russia Dagestan,Neighbors,Female,60 - 64,60,2016,448,,,,,,,,,,,,,,,
Russia Dagestan,Neighbors,Female,65 - 69,65,2016,472,,,,,,,,,,,,,,,
Russia Dagestan,Neighbors,Female,70 - 74,70,2016,370,,,,,,,,,,,,,,,
Russia Dagestan,Neighbors,Female,75 - 79,75,2016,1291,,,,,,,,,,,,,,,
Russia Dagestan,Neighbors,Female,80+,80,2016,3388,,,,,,,,,,,,,,,
Russia Dagestan,Neighbors,Male,0 - 4,0,2016,398,,,,,,,,,,,,,,,
Russia Dagestan,Neighbors,Male,May-14,5,2016,67,,,,,,,,,,,,,,,
Russia Dagestan,Neighbors,Male,15 - 19,15,2016,59,,,,,,,,,,,,,,,
Russia Dagestan,Neighbors,Male,20 - 24,20,2016,136,,,,,,,,,,,,,,,
Russia Dagestan,Neighbors,Male,25 - 29,25,2016,136,,,,,,,,,,,,,,,
Russia Dagestan,Neighbors,Male,30 - 34,30,2016,167,,,,,,,,,,,,,,,
Russia Dagestan,Neighbors,Male,35 - 39,35,2016,204,,,,,,,,,,,,,,,
Russia Dagestan,Neighbors,Male,40 - 44,40,2016,251,,,,,,,,,,,,,,,
Russia Dagestan,Neighbors,Male,45 - 49,45,2016,418,,,,,,,,,,,,,,,
Russia Dagestan,Neighbors,Male,50 - 54,50,2016,584,,,,,,,,,,,,,,,
Russia Dagestan,Neighbors,Male,55 - 59,55,2016,798,,,,,,,,,,,,,,,
Russia Dagestan,Neighbors,Male,60 - 64,60,2016,805,,,,,,,,,,,,,,,
Russia Dagestan,Neighbors,Male,65 - 69,65,2016,737,,,,,,,,,,,,,,,
Russia Dagestan,Neighbors,Male,70 - 74,70,2016,513,,,,,,,,,,,,,,,
Russia Dagestan,Neighbors,Male,75 - 79,75,2016,1050,,,,,,,,,,,,,,,
Russia Dagestan,Neighbors,Male,80+,80,2016,1994,,,,,,,,,,,,,,,
Russia Dagestan,Neighbors,Female,0 - 4,0,2017,271,,,,,,,,,,,,,,,
Russia Dagestan,Neighbors,Female,May-14,5,2017,51,,,,,,,,,,,,,,,
Russia Dagestan,Neighbors,Female,15 - 19,15,2017,23,,,,,,,,,,,,,,,
Russia Dagestan,Neighbors,Female,20 - 24,20,2017,36,,,,,,,,,,,,,,,
Russia Dagestan,Neighbors,Female,25 - 29,25,2017,52,,,,,,,,,,,,,,,
Russia Dagestan,Neighbors,Female,30 - 34,30,2017,53,,,,,,,,,,,,,,,
Russia Dagestan,Neighbors,Female,35 - 39,35,2017,63,,,,,,,,,,,,,,,
Russia Dagestan,Neighbors,Female,40 - 44,40,2017,97,,,,,,,,,,,,,,,
Russia Dagestan,Neighbors,Female,45 - 49,45,2017,145,,,,,,,,,,,,,,,
Russia Dagestan,Neighbors,Female,50 - 54,50,2017,226,,,,,,,,,,,,,,,
Russia Dagestan,Neighbors,Female,55 - 59,55,2017,346,,,,,,,,,,,,,,,
Russia Dagestan,Neighbors,Female,60 - 64,60,2017,407,,,,,,,,,,,,,,,
Russia Dagestan,Neighbors,Female,65 - 69,65,2017,541,,,,,,,,,,,,,,,
Russia Dagestan,Neighbors,Female,70 - 74,70,2017,394,,,,,,,,,,,,,,,
Russia Dagestan,Neighbors,Female,75 - 79,75,2017,1148,,,,,,,,,,,,,,,
Russia Dagestan,Neighbors,Female,80+,80,2017,3555,,,,,,,,,,,,,,,
Russia Dagestan,Neighbors,Male,0 - 4,0,2017,327,,,,,,,,,,,,,,,
Russia Dagestan,Neighbors,Male,May-14,5,2017,82,,,,,,,,,,,,,,,
Russia Dagestan,Neighbors,Male,15 - 19,15,2017,65,,,,,,,,,,,,,,,
Russia Dagestan,Neighbors,Male,20 - 24,20,2017,91,,,,,,,,,,,,,,,
Russia Dagestan,Neighbors,Male,25 - 29,25,2017,138,,,,,,,,,,,,,,,
Russia Dagestan,Neighbors,Male,30 - 34,30,2017,155,,,,,,,,,,,,,,,
Russia Dagestan,Neighbors,Male,35 - 39,35,2017,166,,,,,,,,,,,,,,,
Russia Dagestan,Neighbors,Male,40 - 44,40,2017,251,,,,,,,,,,,,,,,
Russia Dagestan,Neighbors,Male,45 - 49,45,2017,364,,,,,,,,,,,,,,,
Russia Dagestan,Neighbors,Male,50 - 54,50,2017,516,,,,,,,,,,,,,,,
Russia Dagestan,Neighbors,Male,55 - 59,55,2017,764,,,,,,,,,,,,,,,
Russia Dagestan,Neighbors,Male,60 - 64,60,2017,801,,,,,,,,,,,,,,,
Russia Dagestan,Neighbors,Male,65 - 69,65,2017,813,,,,,,,,,,,,,,,
Russia Dagestan,Neighbors,Male,70 - 74,70,2017,514,,,,,,,,,,,,,,,
Russia Dagestan,Neighbors,Male,75 - 79,75,2017,958,,,,,,,,,,,,,,,
Russia Dagestan,Neighbors,Male,80+,80,2017,2060,,,,,,,,,,,,,,,
Russia Dagestan,Neighbors,Female,0 - 4,0,2018,200,,,,,,,,,,,,,,,
Russia Dagestan,Neighbors,Female,May-14,5,2018,66,,,,,,,,,,,,,,,
Russia Dagestan,Neighbors,Female,15 - 19,15,2018,27,,,,,,,,,,,,,,,
Russia Dagestan,Neighbors,Female,20 - 24,20,2018,34,,,,,,,,,,,,,,,
Russia Dagestan,Neighbors,Female,25 - 29,25,2018,40,,,,,,,,,,,,,,,
Russia Dagestan,Neighbors,Female,30 - 34,30,2018,61,,,,,,,,,,,,,,,
Russia Dagestan,Neighbors,Female,35 - 39,35,2018,78,,,,,,,,,,,,,,,
Russia Dagestan,Neighbors,Female,40 - 44,40,2018,95,,,,,,,,,,,,,,,
Russia Dagestan,Neighbors,Female,45 - 49,45,2018,127,,,,,,,,,,,,,,,
Russia Dagestan,Neighbors,Female,50 - 54,50,2018,207,,,,,,,,,,,,,,,
Russia Dagestan,Neighbors,Female,55 - 59,55,2018,347,,,,,,,,,,,,,,,
Russia Dagestan,Neighbors,Female,60 - 64,60,2018,446,,,,,,,,,,,,,,,
Russia Dagestan,Neighbors,Female,65 - 69,65,2018,475,,,,,,,,,,,,,,,
Russia Dagestan,Neighbors,Female,70 - 74,70,2018,440,,,,,,,,,,,,,,,
Russia Dagestan,Neighbors,Female,75 - 79,75,2018,903,,,,,,,,,,,,,,,
Russia Dagestan,Neighbors,Female,80+,80,2018,3418,,,,,,,,,,,,,,,
Russia Dagestan,Neighbors,Male,0 - 4,0,2018,288,,,,,,,,,,,,,,,
Russia Dagestan,Neighbors,Male,May-14,5,2018,63,,,,,,,,,,,,,,,
Russia Dagestan,Neighbors,Male,15 - 19,15,2018,54,,,,,,,,,,,,,,,
Russia Dagestan,Neighbors,Male,20 - 24,20,2018,88,,,,,,,,,,,,,,,
Russia Dagestan,Neighbors,Male,25 - 29,25,2018,104,,,,,,,,,,,,,,,
Russia Dagestan,Neighbors,Male,30 - 34,30,2018,141,,,,,,,,,,,,,,,
Russia Dagestan,Neighbors,Male,35 - 39,35,2018,172,,,,,,,,,,,,,,,
Russia Dagestan,Neighbors,Male,40 - 44,40,2018,230,,,,,,,,,,,,,,,
Russia Dagestan,Neighbors,Male,45 - 49,45,2018,345,,,,,,,,,,,,,,,
Russia Dagestan,Neighbors,Male,50 - 54,50,2018,525,,,,,,,,,,,,,,,
Russia Dagestan,Neighbors,Male,55 - 59,55,2018,757,,,,,,,,,,,,,,,
Russia Dagestan,Neighbors,Male,60 - 64,60,2018,900,,,,,,,,,,,,,,,
Russia Dagestan,Neighbors,Male,65 - 69,65,2018,806,,,,,,,,,,,,,,,
Russia Dagestan,Neighbors,Male,70 - 74,70,2018,524,,,,,,,,,,,,,,,
Russia Dagestan,Neighbors,Male,75 - 79,75,2018,862,,,,,,,,,,,,,,,
Russia Dagestan,Neighbors,Male,80+,80,2018,2047,,,,,,,,,,,,,,,
Russia Dagestan,Neighbors,Female,0 - 4,0,2019,201,,,,,,,,,,,,,,,
Russia Dagestan,Neighbors,Female,May-14,5,2019,44,,,,,,,,,,,,,,,
Russia Dagestan,Neighbors,Female,15 - 19,15,2019,29,,,,,,,,,,,,,,,
Russia Dagestan,Neighbors,Female,20 - 24,20,2019,27,,,,,,,,,,,,,,,
Russia Dagestan,Neighbors,Female,25 - 29,25,2019,25,,,,,,,,,,,,,,,
Russia Dagestan,Neighbors,Female,30 - 34,30,2019,61,,,,,,,,,,,,,,,
Russia Dagestan,Neighbors,Female,35 - 39,35,2019,85,,,,,,,,,,,,,,,
Russia Dagestan,Neighbors,Female,40 - 44,40,2019,106,,,,,,,,,,,,,,,
Russia Dagestan,Neighbors,Female,45 - 49,45,2019,139,,,,,,,,,,,,,,,
Russia Dagestan,Neighbors,Female,50 - 54,50,2019,208,,,,,,,,,,,,,,,
Russia Dagestan,Neighbors,Female,55 - 59,55,2019,358,,,,,,,,,,,,,,,
Russia Dagestan,Neighbors,Female,60 - 64,60,2019,426,,,,,,,,,,,,,,,
Russia Dagestan,Neighbors,Female,65 - 69,65,2019,532,,,,,,,,,,,,,,,
Russia Dagestan,Neighbors,Female,70 - 74,70,2019,515,,,,,,,,,,,,,,,
Russia Dagestan,Neighbors,Female,75 - 79,75,2019,807,,,,,,,,,,,,,,,
Russia Dagestan,Neighbors,Female,80+,80,2019,3602,,,,,,,,,,,,,,,
Russia Dagestan,Neighbors,Male,0 - 4,0,2019,253,,,,,,,,,,,,,,,
Russia Dagestan,Neighbors,Male,May-14,5,2019,66,,,,,,,,,,,,,,,
Russia Dagestan,Neighbors,Male,15 - 19,15,2019,41,,,,,,,,,,,,,,,
Russia Dagestan,Neighbors,Male,20 - 24,20,2019,69,,,,,,,,,,,,,,,
Russia Dagestan,Neighbors,Male,25 - 29,25,2019,106,,,,,,,,,,,,,,,
Russia Dagestan,Neighbors,Male,30 - 34,30,2019,128,,,,,,,,,,,,,,,
Russia Dagestan,Neighbors,Male,35 - 39,35,2019,144,,,,,,,,,,,,,,,
Russia Dagestan,Neighbors,Male,40 - 44,40,2019,196,,,,,,,,,,,,,,,
Russia Dagestan,Neighbors,Male,45 - 49,45,2019,317,,,,,,,,,,,,,,,
Russia Dagestan,Neighbors,Male,50 - 54,50,2019,511,,,,,,,,,,,,,,,
Russia Dagestan,Neighbors,Male,55 - 59,55,2019,764,,,,,,,,,,,,,,,
Russia Dagestan,Neighbors,Male,60 - 64,60,2019,987,,,,,,,,,,,,,,,
Russia Dagestan,Neighbors,Male,65 - 69,65,2019,866,,,,,,,,,,,,,,,
Russia Dagestan,Neighbors,Male,70 - 74,70,2019,574,,,,,,,,,,,,,,,
Russia Dagestan,Neighbors,Male,75 - 79,75,2019,656,,,,,,,,,,,,,,,
Russia Dagestan,Neighbors,Male,80+,80,2019,2098,,,,,,,,,,,,,,,
Russia Dagestan,Neighbors,Female,0 - 4,0,2020,174,264.6,122,359.9040592,-90.6,-185.9040592,52,163.1007406,264.6,188.9781028,128.3552862,207.2517023,194.5328434,359.9040592,122,268
Russia Dagestan,Neighbors,Female,May-14,5,2020,51,56.4,22.00191806,94.4867403,-5.4,-43.4867403,28.99808194,45.59484092,56.4,45.72849296,22.00191806,94.4867403,43.33359607,73.40632416,27,62
Russia Dagestan,Neighbors,Female,15 - 19,15,2020,19,28,12.98531052,46.50522228,-9,-27.50522228,6.014689477,24.57406666,28,25.45248522,12.98531052,46.50522228,22.43178208,34.95041086,17,33
Russia Dagestan,Neighbors,Female,20 - 24,20,2020,30,34.4,14,44.09291493,-4.4,-14.09291493,16,25.77053025,34.4,26.71084676,15.24360683,43.56713188,26.83787184,44.09291493,14,39
Russia Dagestan,Neighbors,Female,25 - 29,25,2020,40,44.8,12,65.68995337,-4.8,-25.68995337,28,25.38509503,44.8,27.21755657,13.40839172,48.05968256,30.55322613,65.68995337,12,47
Russia Dagestan,Neighbors,Female,30 - 34,30,2020,59,61.8,34.02771182,86.00936555,-2.8,-27.00936555,24.97228818,54.09900095,61.8,56.17551482,34.02771182,86.00936555,52.00912318,73.43403939,40,76
Russia Dagestan,Neighbors,Female,35 - 39,35,2020,69,82.04587146,51.20417855,125.706487,-13.04587146,-56.70648696,17.79582145,80.22903093,77.8,82.04587146,51.20417855,125.706487,67.17225137,90.10923226,63,100
Russia Dagestan,Neighbors,Female,40 - 44,40,2020,115,103.6,74.28364302,130.1020666,11.4,-15.10206657,40.71635698,98.30796239,103.6,102.5414268,74.28364302,130.1020666,94.1421498,114.008019,83,121
Russia Dagestan,Neighbors,Female,45 - 49,45,2020,169,147.8,85.52058339,176.3235163,21.2,-7.323516293,83.47941661,118.5176958,147.8,126.5858996,85.52058339,164.2463563,123.8906781,176.3235163,93,162
Russia Dagestan,Neighbors,Female,50 - 54,50,2020,296,222.8,168.4045294,246,73.2,50,127.5954706,200.3298271,222.8,209.4340375,168.4045294,238.3073649,204.0184754,243.3105134,181,246
Russia Dagestan,Neighbors,Female,55 - 59,55,2020,516,350.6004002,313.9762037,391.4966776,165.3995998,124.5033224,202.0237963,350.6004002,350,348.7365751,313.9762037,391.4966776,337.7711045,362.6716387,314,384
Russia Dagestan,Neighbors,Female,60 - 64,60,2020,745,447.7947096,359.59655,557.6252107,297.2052904,187.3747893,385.40345,447.7947096,422,446.1154059,359.59655,557.6252107,389.2564736,457.4978506,401,492
Russia Dagestan,Neighbors,Female,65 - 69,65,2020,794,558.9997109,429.4695867,727.5967531,235.0002891,66.40324687,364.5304133,558.9997109,488.4,536.3435659,429.4695867,727.5967531,431.4163709,552.9103114,451,616
Russia Dagestan,Neighbors,Female,70 - 74,70,2020,812,491.5688512,319.1702065,757.0880069,320.4311488,54.91199314,492.8297935,491.5688512,436.2,464.6858413,319.1702065,757.0880069,370.7372037,513.2218675,403,527
Russia Dagestan,Neighbors,Female,75 - 79,75,2020,796,1098.2,531,1433.368171,-302.2,-637.3681715,265,722.1469034,1098.2,815.2061395,577.5568157,902.934804,841.4050654,1433.368171,531,1101
Russia Dagestan,Neighbors,Female,80+,99,2020,4485,3641.398169,3309.329163,3941.873265,843.6018313,543.1267349,1175.670837,3641.398169,3455.2,3581.239187,3363.827229,3941.873265,3309.329163,3607.500629,3411,3737
Russia Dagestan,Neighbors,Male,0 - 4,0,2020,242,349.8,161,484.7031154,-107.8,-242.7031154,81,207.630027,349.8,242.6834884,184.9572712,233.0820943,252.4432712,484.7031154,161,339
Russia Dagestan,Neighbors,Male,May-14,5,2020,58,71.6,42.20860449,92.49708376,-13.6,-34.49708376,15.79139551,62.48338039,71.6,64.94780855,42.20860449,92.49708376,61.53559315,83.31048321,49,81
Russia Dagestan,Neighbors,Male,15 - 19,15,2020,46,57.6,27.79431744,72.85566888,-11.6,-26.85566888,18.20568256,41.38671721,57.6,44.5038381,27.79431744,61.626279,45.53880365,72.85566888,28,64
Russia Dagestan,Neighbors,Male,20 - 24,20,2020,79,102.2,38.43794612,144.006412,-23.2,-65.00641199,40.56205388,61.18249118,102.2,69.84524384,38.43794612,97.38546423,72.5303815,144.006412,47,98
Russia Dagestan,Neighbors,Male,25 - 29,25,2020,117,130,68.0711296,166.2150286,-13,-49.21502858,48.9288704,90.09576946,130,100.5424257,68.0711296,119.2465546,101.6755232,166.2150286,73,130
Russia Dagestan,Neighbors,Male,30 - 34,30,2020,122,159,94,199.5858972,-37,-77.5858972,28,112.0089871,159,124.5624852,96.85607254,129.532541,126.6672664,199.5858972,94,169
Russia Dagestan,Neighbors,Male,35 - 39,35,2020,165,182.6,105.6633207,228.2484166,-17.6,-63.24841665,59.33667929,130.1225777,182.6,143.3822338,105.6633207,160.2437357,146.0810134,228.2484166,110,188
Russia Dagestan,Neighbors,Male,40 - 44,40,2020,265,246,152.9222968,298.8285276,19,-33.82852761,112.0777032,183.2863842,246,199.0233184,152.9222968,219.6795323,202.510786,298.8285276,154,244
Russia Dagestan,Neighbors,Male,45 - 49,45,2020,376,374.6,262,438.9492635,1.4,-62.94926349,114,293.2549719,374.6,314.7814441,266.1144327,323.1635267,319.6842361,438.9492635,262,377
Russia Dagestan,Neighbors,Male,50 - 54,50,2020,616,555.6,393.9622273,630.3636963,60.39999998,-14.36369627,222.0377727,465.5064351,555.6,492.1019089,393.9622273,550.0431922,489.703582,630.3636963,438,594
Russia Dagestan,Neighbors,Male,55 - 59,55,2020,983,773.2,705,812,209.8,171,278,749.7802205,773.2,757.1645624,708.2918788,793.6987503,752.4948498,794.4748594,705,812
Russia Dagestan,Neighbors,Male,60 - 64,60,2020,1295,1007.228962,762.2075623,1182.685427,287.7710376,112.3145731,532.7924377,1007.228962,859.2,956.8733177,857.8022183,1182.685427,762.2075623,968.5349196,834,1102
Russia Dagestan,Neighbors,Male,65 - 69,65,2020,1314,933.1708171,681.7975242,1059.937935,380.8291829,254.062065,632.2024758,933.1708171,775.8,883.9941463,821.564872,1059.937935,681.7975242,882.7630178,761,1018
Russia Dagestan,Neighbors,Male,70 - 74,70,2020,1066,544.2,408.2944933,699.3750387,521.8,366.6249613,657.7055067,534.3697007,544.2,538.37899,408.2944933,699.3750387,498.6731571,593.8832596,492,587
Russia Dagestan,Neighbors,Male,75 - 79,75,2020,871,939.8,506.1510732,1217.365428,-68.8,-346.3654282,364.8489268,623.6542968,939.8,690.4363013,506.1510732,768.4359522,725.5208827,1217.365428,510,944
Russia Dagestan,Neighbors,Male,80+,99,2020,2965,2146.867631,1943.841817,2261,818.1323686,704,1021.158183,2146.867631,2025,2110.058063,2055.353658,2242.456236,1943.841817,2109.546654,1979,2261
